,name
0,aabid
1,aadesh
2,aadil
3,aadish
4,aaditya
5,aaenab
6,aaftaab
7,aaftab
8,aagand
9,aahim
10,aajad
11,aajiv
12,aakar
13,aakas
14,aakash
15,aakib
16,aalam
17,aamil
18,aamin
19,aamir
20,aamod
21,aamosh
22,aanad
23,aanand
24,aanil
25,aansu
26,aarav
27,aarif
28,aashish
29,aashu
30,aasif
31,aasim
32,aasish
33,aasto
34,aatam
35,aatif
36,aatir
37,aavesh
38,aayush
39,aazad
40,abash
41,abbal
42,abbas
43,abdul
44,abdulla
45,abdullah
46,abhash
47,abhay
48,abhi
49,abhijeet
50,abhijit
51,abhilash
52,abhimanu
53,abhimanyu
54,abhinandan
55,abhinash
56,abhinav
57,abhinay
58,abhiraj
59,abhisek
60,abhisekh
61,abhishak
62,abhishek
63,abhishekh
64,abhishiek
65,abhishik
66,abid
67,abishak
68,abishek
69,abrar
70,abu
71,abul
72,achin
73,adalat
74,adan
75,adarsh
76,adersen
77,adesh
78,adhish
79,adi
80,adil
81,adisan
82,aditi
83,aditiya
84,aditya
85,adityalok
86,adnan
87,adrash
88,aejaz
89,affan
90,afjal
91,afridi
92,afsar
93,afshar
94,aftab
95,afzaj
96,afzal
97,agrej
98,agyapad
99,ahamad
100,ahmad
101,ahmed
102,ahsan
103,ahupendra
104,aidtya
105,aijay
106,ajab
107,ajad
108,ajahar
109,ajaj
110,ajay
111,ajaypal
112,ajeem
113,ajeet
114,ajim
115,ajit
116,ajman
117,ajmer
118,akaash
119,akansh
120,akash
121,akashya
122,akbar
123,akeel
124,akhalak
125,akheelesh
126,akhil
127,akhilesh
128,akhileshwer
129,akhlaq
130,akhlesh
131,akhlish
132,akhtar
133,akib
134,akif
135,akil
136,akilesh
137,akkash
138,akkni
139,akram
140,akshat
141,akshay
142,akshit
143,akshpaat
144,alam
145,alaudin
146,albaksha
147,ali
148,alijan
149,alim
150,allabaksh
151,allaraji
152,allauddin
153,alok
154,altab
155,altaf
156,altmash
157,aluddin
158,aman
159,amandeep
160,amar
161,amarapal
162,amarchand
163,amardeep
164,amarendra
165,amarjeet
166,amarjit
167,amarnath
168,amart
169,amarvesh
170,amba
171,amber
172,ameen
173,ameer
174,amil
175,amin
176,amina
177,amir
178,amiri
179,amit
180,amjad
181,amjat
182,amkit
183,amlesh
184,ammar
185,amol
186,amot
187,amratalal
188,amreek
189,amrik
190,amrika
191,amrish
192,amrit
193,amritpal
194,amrjeet
195,amrudin
196,amuchla
197,amzad
198,anamol
199,anand
200,anandi
201,anandu
202,anantram
203,anash
204,anchal
205,andhav
206,angad
207,angan
208,angda
209,angreg
210,anikesh
211,aniket
212,anikt
213,anil
214,animesh
215,anirudh
216,anish
217,anita
218,anjali
219,anjan
220,anjani
221,anjeev
222,anjrej
223,anjum
224,ankaj
225,ankala
226,ankesh
227,ankit
228,ankur
229,ankus
230,ankush
231,anli
232,anmol
233,annat
234,annu
235,anoj
236,anokha
237,anooj
238,anoop
239,ansal
240,ansar
241,ansh
242,anshu
243,anshul
244,anshum
245,anshuman
246,ansu
247,ansul
248,anubhav
249,anuj
250,anup
251,anupam
252,anurag
253,anuraj
254,anurudh
255,anwar
256,anwari
257,aoosaf
258,aphasana
259,arab
260,arajun
261,araslan
262,aravind
263,arbaj
264,arbaz
265,archna
266,arham
267,arhiyant
268,arif
269,arindom
270,arindra
271,arjun
272,armaan
273,arman
274,arnab
275,arnabjit
276,arpit
277,arsad
278,arsh
279,arshad
280,arti
281,aru
282,arun
283,arunkumar
284,arvind
285,aryan
286,asagar
287,asarfi
288,asfak
289,asfaq
290,asgar
291,asha
292,ashad
293,ashak
294,asharam
295,ashfaq
296,ashif
297,ashik
298,ashiqu
299,ashish
300,ashishi
301,ashiya
302,ashlam
303,ashok
304,ashraf
305,ashrfi
306,ashshwer
307,ashsish
308,ashu
309,ashutosh
310,ashwani
311,ashwini
312,asi
313,asif
314,asish
315,asiwani
316,aslam
317,asrf
318,asruddin
319,asutosh
320,aswin
321,atanu
322,ateek
323,atif
324,atish
325,atitaj
326,attar
327,atu
328,atul
329,avadh
330,avdesh
331,avdhesh
332,avfesh
333,avid
334,avinas
335,avinash
336,avinsh
337,avnish
338,avnit
339,avtar
340,awdesh
341,awdhesh
342,awedhesh
343,axat
344,ayan
345,ayub
346,ayube
347,ayush
348,azad
349,azam
350,azaruddin
351,azaz
352,azhar
353,azim
354,azruddin
355,b
356,baam
357,babalu
358,baban
359,babar
360,babbu
361,babli
362,babloo
363,bablu
364,babram
365,babu
366,babudden
367,babuddin
368,babul
369,babulal
370,babupuri
371,baburam
372,baby
373,baccha
374,bacche
375,bacchu
376,bachan
377,bachcha
378,bachheshwar
379,bachhu
380,bachu
381,bada
382,badal
383,badan
384,badnath
385,badri
386,badrudeen
387,badrulla
388,badshya
389,baga
390,bagaram
391,baggusingh
392,bagwan
393,bahadur
394,bahart
395,bahrat
396,baichan
397,baidnath
398,baijnath
399,bajinder
400,bajrang
401,bajrangi
402,bajulal
403,bake
404,baksi
405,bal
406,balak
407,balam
408,balaram
409,balbeer
410,balbir
411,balchand
412,baldev
413,baleshwar
414,baleshwer
415,baliram
416,baljeet
417,baljinder
418,balkishan
419,ballu
420,balmiki
421,balraj
422,balram
423,balveer
424,balvinder
425,balwan
426,balwant
427,banarsi
428,bandu
429,bangali
430,baniya
431,banju
432,bannu
433,banshi
434,bansi
435,bansilal
436,banti
437,banty
438,banwari
439,banwarilal
440,bapu
441,barham
442,barj
443,barjesh
444,barjraj
445,barkat
446,basant
447,basanta
448,bashudev
449,basibul
450,baudi
451,bawan
452,bechan
453,beekar
454,beenu
455,beeram
456,beeru
457,begraj
458,benay
459,benu
460,beragi
461,bhabhav
462,bhaddal
463,bhadur
464,bhag
465,bhagat
466,bhagipuri
467,bhagirath
468,bhagvaan
469,bhagvati
470,bhagwan
471,bhagwana
472,bhagwanaram
473,bhagwat
474,bhagwati
475,bhahadur
476,bhajan
477,bhajandeep
478,bhajanlal
479,bhajju
480,bhala
481,bhalaram
482,bhan
483,bhani
484,bhanu
485,bhanvar
486,bhanwar
487,bhanwer
488,bharat
489,bharatlal
490,bharma
491,bhart
492,bhartendu
493,bhasker
494,bhauk
495,bhavesh
496,bhavisaya
497,bhavishy
498,bhavishya
499,bhavuk
500,bhawan
501,bhawani
502,bheem
503,bheema
504,bhemji
505,bherav
506,bhhatu
507,bhikhari
508,bhim
509,bhima
510,bhimsen
511,bhisan
512,bhismpal
513,bhiva
514,bhojaram
515,bhojpal
516,bhola
517,bholaram
518,bhole
519,bholu
520,bhonu
521,bhoop
522,bhoopsingh
523,bhopal
524,bhorelal
525,bhotra
526,bhram
527,bhramanand
528,bhrat
529,bhrkat
530,bhud
531,bhudev
532,bhudhashen
533,bhudhi
534,bhulaee
535,bhulan
536,bhuneshwar
537,bhup
538,bhupen
539,bhupendar
540,bhupender
541,bhupendra
542,bhupesh
543,bhura
544,bhuralal
545,bhure
546,bhuri
547,bhusan
548,bhushan
549,bhuvneshwar
550,bhuwan
551,bidur
552,biitu
553,bijander
554,bijender
555,bijendra
556,bikki
557,bikram
558,bilal
559,bimlesh
560,binani
561,binder
562,bindu
563,binja
564,binnu
565,binpal
566,bintu
567,bipin
568,bir
569,biraj
570,birajbhushan
571,birajpal
572,biram
573,biran
574,birbal
575,birender
576,birgesh
577,birij
578,birjesh
579,birju
580,birpal
581,biru
582,bishan
583,bishana
584,bishesh
585,bishun
586,bisto
587,bittan
588,bitto
589,bittoo
590,bittu
591,bobbi
592,bobby
593,bobi
594,boby
595,bodh
596,bodu
597,boduram
598,braham
599,brahamprakash
600,brahmanand
601,braj
602,brajendra
603,bram
604,brij
605,brijesh
606,brijlal
607,brijmohan
608,brijnandan
609,brijpal
610,brijshwaer
611,buddha
612,buddhi
613,budh
614,budhan
615,budhi
616,budhram
617,budhu
618,buhan
619,bulad
620,bulet
621,bunda
622,bundel
623,bundhu
624,bunti
625,bunty
626,bupal
627,busness
628,chabi
629,chain
630,chajju
631,chakra
632,chaman
633,chamanlal
634,champa
635,chanchal
636,chand
637,chanda
638,chandan
639,chandar
640,chanden
641,chander
642,chanderbal
643,chandermani
644,chanderpal
645,chandesh
646,chandeshwar
647,chandi
648,chandki
649,chandpreet
650,chandra
651,chandrashekhar
652,chandreshwar
653,chandrram
654,chandru
655,chandu
656,charan
657,charanjeet
658,charnjeet
659,chatan
660,chatar
661,chaterpal
662,chatter
663,chaturbhuj
664,cheddi
665,cheete
666,chela
667,chertamani
668,chet
669,chetan
670,chetanram
671,chetanya
672,chetna
673,chetram
674,chettan
675,chhabeel
676,chhabil
677,chhagan
678,chhanoyar
679,chhantu
680,chhatar
681,chhedilal
682,chhidu
683,chhinderpal
684,chhitar
685,chhotelal
686,chhotu
687,chiddu
688,chinku
689,chintan
690,chintu
691,chinu
692,chirag
693,chiranjavi
694,chitprit
695,chitra
696,chitrangan
697,chitranjan
698,chitu
699,choga
700,chom
701,chootu
702,chorag
703,chosh
704,chotan
705,chote
706,chotelal
707,chottu
708,chotu
709,chotum
710,choturam
711,chran
712,chtar
713,chtarpal
714,chunaram
715,chunni
716,chunnu
717,chura
718,constable
719,ct
720,daaud
721,dabbu
722,dabu
723,dakch
724,daks
725,daksh
726,dakshina
727,dakshya
728,dal
729,dalchand
730,daler
731,dalip
732,daljeet
733,dalpat
734,dama
735,daman
736,damanjeet
737,damodar
738,dana
739,daniel
740,danish
741,danveer
742,dara
743,darshan
744,dasharath
745,dashrath
746,data
747,dataterya
748,dauad
749,dauji
750,davender
751,davendra
752,davinder
753,daya
754,dayal
755,dayaram
756,dd
757,deba
758,deelip
759,deen
760,deendyal
761,deep
762,deepa
763,deepaak
764,deepak
765,deepali
766,deepan
767,deepanker
768,deepanshu
769,deepansu
770,deepchand
771,deepender
772,deepi
773,deepika
774,deepnarayan
775,deepu
776,deepvhand
777,deeraj
778,deerendra
779,deewan
780,denesh
781,deni
782,depander
783,desh
784,deshraj
785,dev
786,deva
787,devanand
788,devasheeh
789,devashish
790,devasish
791,devdhari
792,devender
793,devendr
794,devendra
795,devesh
796,devi
797,devid
798,devik
799,devilal
800,devinder
801,devki
802,devkran
803,devpal
804,devraj
805,dhalchand
806,dhamender
807,dhan
808,dhananjai
809,dhananjay
810,dhaney
811,dhani
812,dhanjay
813,dhanna
814,dhannu
815,dhanpat
816,dhanraj
817,dhansinghpuri
818,dhanu
819,dhara
820,dharam
821,dharambir
822,dharamender
823,dharampal
824,dharamveer
825,dharamvir
826,dharm
827,dharma
828,dharmandra
829,dharmbir
830,dharmender
831,dharmendera
832,dharmendr
833,dharmendra
834,dharminder
835,dharmpal
836,dharmraj
837,dharmveer
838,dharmvir
839,dharvesh
840,dhawal
841,dheeraj
842,dheerendra
843,dhermendra
844,dhiraj
845,dhirender
846,dhirpal
847,dhiru
848,dhisa
849,dhmendar
850,dhram
851,dhrambir
852,dhramender
853,dhrampal
854,dhrampla
855,dhramveer
856,dhreej
857,dhrmveer
858,dhruv
859,dhukhu
860,dhulin
861,dhurav
862,dhurender
863,dhurpati
864,dhuruv
865,dhurv
866,dhurve
867,dibakar
868,digamber
869,digvijay
870,dikshant
871,dil
872,dilawar
873,dilbar
874,dildar
875,dilip
876,diljan
877,dilkush
878,dilsad
879,dilsah
880,dilshad
881,dilvar
882,dimpal
883,dimpu
884,dimpy
885,dineesh
886,dinesh
887,dinkar
888,dipak
889,dipanshu
890,dipansu
891,dipendra
892,dipu
893,dirgaj
894,disha
895,dishad
896,dishant
897,divaie
898,divakar
899,divansh
900,divaraj
901,divy
902,divyansh
903,diwan
904,dolat
905,doodhnath
906,dord
907,dorilal
908,doulat
909,dowlat
910,dr
911,druga
912,dukhi
913,dulal
914,dular
915,dulichand
916,dumnik
917,dund
918,duni
919,duraga
920,durg
921,durga
922,durgalal
923,durganand
924,durgashankar
925,durgesh
926,durgpal
927,durjan
928,durvesh
929,dushyant
930,dwarika
931,dwarka
932,dya
933,ebane
934,ed
935,edris
936,ekram
937,eldro
938,eliyas
939,elwin
940,emilia
941,emran
942,esrail
943,etahsaam
944,ezaz
945,fahim
946,faijal
947,faim
948,faimuddin
949,faisal
950,faiyaaz
951,faiz
952,faizal
953,faizan
954,faizudeen
955,faizur
956,fakerey
957,fakir
958,fakrrudeen
959,fakrudeen
960,fanni
961,faqir
962,faran
963,farhan
964,farid
965,farjand
966,farku
967,farmaan
968,farman
969,faroj
970,farukh
971,fateh
972,faujdar
973,fazaley
974,fazaz
975,fazulla
976,feru
977,fhaishal
978,fharman
979,fida
980,firakat
981,firasat
982,firoj
983,firoz
984,firtu
985,fitrat
986,fiyaz
987,for
988,forshan
989,fulmiya
990,furkan
991,furkhan
992,gaffar
993,gaffur
994,gafur
995,gagan
996,gagandeep
997,gahnshyam
998,gajender
999,gajendra
1000,gajraj
1001,galiya
1002,galu
1003,gamer
1004,gandharv
1005,gandhi
1006,ganesh
1007,ganeshi
1008,ganga
1009,gangadhar
1010,gangaram
1011,ganpat
1012,ganpati
1013,ganpatram
1014,gantantra
1015,gappu
1016,garib
1017,garsh
1018,garupal
1019,garv
1020,gaurav
1021,gauravgil
1022,gauri
1023,gautam
1024,gawali
1025,gd
1026,geernish
1027,geesa
1028,geeta
1029,gen
1030,gensingh
1031,ghan
1032,ghanshayam
1033,ghanshyam
1034,ghansyam
1035,ghantoli
1036,ghaseeta
1037,ghasiram
1038,gheesa
1039,ghisaram
1040,ghurul
1041,girdhari
1042,giri
1043,giriraj
1044,girish
1045,girishi
1046,girjesh
1047,girraj
1048,girwer
1049,givinda
1050,gjender
1051,gladwin
1052,gobind
1053,gokul
1054,goldi
1055,goldy
1056,gollu
1057,golu
1058,gomti
1059,gonsan
1060,goopi
1061,gopal
1062,gopesh
1063,gopi
1064,gopiram
1065,gora
1066,gorav
1067,gordhan
1068,gordhanlal
1069,goruav
1070,gorv
1071,gotam
1072,gourav
1073,gouri
1074,goutam
1075,goverdhan
1076,govind
1077,govinda
1078,grish
1079,gruchran
1080,guddu
1081,gudiya
1082,gufraan
1083,gufran
1084,gugna
1085,gul
1086,gulab
1087,gulam
1088,gulashan
1089,gulfam
1090,gulfan
1091,guljar
1092,gulreg
1093,gulshad
1094,gulshan
1095,gulsher
1096,guluram
1097,guman
1098,gunanidhi
1099,gur
1100,gurbachan
1101,gurbax
1102,gurcharan
1103,gurdarshan
1104,gurdayal
1105,gurdeep
1106,gurfaan
1107,gurjeet
1108,gurjit
1109,gurlal
1110,gurmeet
1111,gurmit
1112,gurnam
1113,gurpreet
1114,gurprit
1115,gursimaran
1116,guru
1117,gurubaksh
1118,gurucharan
1119,gurudut
1120,gurupreet
1121,guruvachan
1122,gurvinder
1123,gutam
1124,gya
1125,gyan
1126,gyandeep
1127,gyanender
1128,gyanendra
1129,gyanu
1130,gyanwati
1131,gyarsi
1132,habib
1133,hadarali
1134,haider
1135,haji
1136,hajrat
1137,hakam
1138,hakimuddin
1139,haliya
1140,halke
1141,halkuji
1142,hament
1143,hamid
1144,hamza
1145,handu
1146,haneef
1147,hani
1148,hanif
1149,hanish
1150,hanni
1151,hanny
1152,hanshraj
1153,hansraj
1154,hanuman
1155,hanumanram
1156,happy
1157,har
1158,harak
1159,hararat
1160,harbanschauhan
1161,harbansh
1162,harbhajan
1163,harbinder
1164,harbir
1165,hardam
1166,hardas
1167,hardass
1168,hardeep
1169,hardev
1170,hardik
1171,hare
1172,harees
1173,harender
1174,harendra
1175,hareshwar
1176,hari
1177,harib
1178,harichand
1179,haridutt
1180,hariesh
1181,harikishan
1182,harimohan
1183,harinarayan
1184,harinder
1185,hariom
1186,hariram
1187,harish
1188,harishankar
1189,harishchandr
1190,harishen
1191,harison
1192,harjeet
1193,harji
1194,harkesh
1195,harman
1196,harmani
1197,harnam
1198,harpal
1199,harprasad
1200,harpreet
1201,harsh
1202,harshdeep
1203,harshit
1204,harshmeet
1205,harun
1206,harvans
1207,harvansh
1208,harvinder
1209,harwindra
1210,hasan
1211,haseem
1212,haseen
1213,hashim
1214,hashrat
1215,hasibul
1216,hasim
1217,hasina
1218,hasir
1219,hawa
1220,hayatul
1221,hazari
1222,hazi
1223,hazrat
1224,heeera
1225,heera
1226,heeralal
1227,hem
1228,hemanshu
1229,hemant
1230,hemraj
1231,henkhochon
1232,hera
1233,hifjul
1234,himal
1235,himanshu
1236,himansu
1237,himashu
1238,himmat
1239,hira
1240,hiralal
1241,hiramani
1242,hisamuddin
1243,hisham
1244,hiten
1245,hitender
1246,hitesh
1247,hitlar
1248,hom
1249,homa
1250,horam
1251,hosiyarilal
1252,hoti
1253,hrithik
1254,hritik
1255,hukam
1256,hukamchand
1257,hukma
1258,hukum
1259,husain
1260,iarfan
1261,ibarhim
1262,ibraham
1263,ibraheem
1264,ibrahim
1265,idrish
1266,ijhar
1267,ikbal
1268,iklakh
1269,ikramuddin
1270,ikramudeen
1271,ikrar
1272,ilayat
1273,ilesh
1274,ilyas
1275,imam
1276,imaman
1277,imamuddin
1278,imamudeen
1279,imran
1280,imsaan
1281,imtiaz
1282,imtiyaz
1283,imtyaz
1284,inayat
1285,indal
1286,inder
1287,inderjeet
1288,inderjit
1289,indernath
1290,inderpaal
1291,inderpal
1292,indervesh
1293,indra
1294,indraj
1295,indresh
1296,indu
1297,injmam
1298,inkoo
1299,insaf
1300,iqarar
1301,iqbal
1302,iqram
1303,iqubal
1304,irfan
1305,irphan
1306,irsad
1307,irshad
1308,ish
1309,ishan
1310,ishant
1311,isharar
1312,ishatkar
1313,ishtkar
1314,ishu
1315,ishwar
1316,ishwari
1317,ishwer
1318,islam
1319,islamuddin
1320,islamudin
1321,israil
1322,israr
1323,isthar
1324,istikar
1325,istkhar
1326,istyak
1327,istyara
1328,iswar
1329,iswer
1330,itwari
1331,j
1332,jaanu
1333,jabbar
1334,jabir
1335,jacky
1336,jacob
1337,jadu
1338,jafar
1339,jaffar
1340,jafruddin
1341,jag
1342,jaga
1343,jagan
1344,jagat
1345,jagbir
1346,jagdamba
1347,jagdambika
1348,jagdeep
1349,jagdeesh
1350,jagdesh
1351,jagdiesh
1352,jagdish
1353,jagir
1354,jagjeet
1355,jagjiwan
1356,jagmal
1357,jagmohan
1358,jagnath
1359,jagpati
1360,jagtar
1361,jahagir
1362,jahgeer
1363,jahid
1364,jahir
1365,jahoor
1366,jai
1367,jaibhagwan
1368,jaibir
1369,jaichand
1370,jaideep
1371,jaidev
1372,jaidul
1373,jaijairam
1374,jainab
1375,jaipal
1376,jaiparkash
1377,jaiprakash
1378,jaiprkesh
1379,jairam
1380,jaisigh
1381,jaiveer
1382,jaivind
1383,jakh
1384,jakir
1385,jalaluddin
1386,jalil
1387,jalmi
1388,jalsingh
1389,jalwad
1390,jamaal
1391,jamad
1392,jamadar
1393,jamal
1394,jameer
1395,jamil
1396,jamir
1397,jamna
1398,jamshed
1399,janak
1400,janardam
1401,janesh
1402,janeshwar
1403,jang
1404,jani
1405,jankidas
1406,jankraj
1407,janmesh
1408,janta
1409,jantarpal
1410,janwi
1411,jaquir
1412,jarif
1413,jarnail
1414,jasbir
1415,jasim
1416,jasiram
1417,jaskaran
1418,jaskirat
1419,jaspal
1420,jaspreet
1421,jasvant
1422,jasveen
1423,jasveer
1424,jasvinder
1425,jasvindir
1426,jasvir
1427,jaswant
1428,jat
1429,jatan
1430,jatin
1431,jauli
1432,javal
1433,javed
1434,javid
1435,jawahar
1436,jawed
1437,jawhar
1438,jay
1439,jayantadass
1440,jayesh
1441,jaykumar
1442,jaynarayan
1443,jayshing
1444,jedu
1445,jeenat
1446,jeesan
1447,jeeshan
1448,jeet
1449,jeete
1450,jeeth
1451,jeetram
1452,jeetu
1453,jeevan
1454,jeeya
1455,jetender
1456,jgdish
1457,jhaban
1458,jhagdoo
1459,jhagdu
1460,jhakar
1461,jhalla
1462,jhawar
1463,jigar
1464,jile
1465,jimi
1466,jimmi
1467,jisaan
1468,jisan
1469,jishan
1470,jishant
1471,jism
1472,jisu
1473,jit
1474,jitan
1475,jitander
1476,jite
1477,jitender
1478,jitendera
1479,jitendr
1480,jitendra
1481,jitesh
1482,jitin
1483,jittender
1484,jitu
1485,jiwan
1486,jiya
1487,jiyaul
1488,job
1489,jockyipai
1490,jodhi
1491,jogender
1492,joginder
1493,joholal
1494,jon
1495,joni
1496,jony
1497,joria
1498,jorj
1499,josin
1500,jot
1501,joy
1502,joydeep
1503,jubed
1504,juber
1505,jugal
1506,jugender
1507,juhewuddin
1508,juhi
1509,julfi
1510,julficar
1511,julfikaar
1512,jumman
1513,jumrati
1514,junl
1515,junna
1516,justin
1517,juvel
1518,jwala
1519,jyoti
1520,kaari
1521,kabal
1522,kabid
1523,kabir
1524,kabul
1525,kadir
1526,kaif
1527,kailash
1528,kailesh
1529,kaishav
1530,kajamuddih
1531,kala
1532,kalap
1533,kalayan
1534,kale
1535,kaleem
1536,kaleram
1537,kali
1538,kalicharan
1539,kalip
1540,kalish
1541,kalla
1542,kallu
1543,kaloo
1544,kalpadma
1545,kalpesh
1546,kalpna
1547,kalu
1548,kalua
1549,kaluram
1550,kalusingh
1551,kalwant
1552,kalyan
1553,kamal
1554,kamala
1555,kamaldeep
1556,kamaljeet
1557,kamalkishore
1558,kamil
1559,kamla
1560,kamlesh
1561,kamleshwar
1562,kamraan
1563,kamre
1564,kamruddin
1565,kamrudeen
1566,kana
1567,kanahiya
1568,kanchi
1569,kanda
1570,kanhaiya
1571,kanhaiyalal
1572,kanhaya
1573,kanheya
1574,kanhiya
1575,kanhyalal
1576,kanishakraj
1577,kanisk
1578,kanok
1579,kanta
1580,kantil
1581,kanwar
1582,kapiil
1583,kapil
1584,kaptan
1585,karamvir
1586,karan
1587,karandeep
1588,karansingh
1589,karanveer
1590,kareshan
1591,karim
1592,karishan
1593,karmbir
1594,karmveer
1595,karnesh
1596,kartar
1597,kartik
1598,karunakar
1599,kashi
1600,kashiram
1601,kashish
1602,kashiv
1603,kashmir
1604,kasid
1605,kasim
1606,katwa
1607,kausal
1608,kaushal
1609,kaushar
1610,kaushik
1611,kauslender
1612,kauva
1613,kaval
1614,kavilash
1615,kavit
1616,kawa
1617,kawaljeet
1618,kayamuddin
1619,kayum
1620,kedarmal
1621,kedarnath
1622,kesav
1623,kesha
1624,keshar
1625,keshav
1626,keshave
1627,keshram
1628,keshri
1629,kesri
1630,ketan
1631,keval
1632,kewal
1633,khadak
1634,khairti
1635,khajan
1636,khalid
1637,khalidur
1638,khalil
1639,khamchand
1640,khangara
1641,kheem
1642,khemchand
1643,khemraj
1644,khetra
1645,khimanand
1646,khokan
1647,khubchand
1648,khubi
1649,khuma
1650,khursheed
1651,khurshid
1652,khursid
1653,khusaboo
1654,khusbu
1655,khushal
1656,khushi
1657,khushnaseeb
1658,kifayat
1659,kimat
1660,kingkar
1661,kiran
1662,kirashan
1663,kirodimal
1664,kirorimal
1665,kirpa
1666,kirshan
1667,kirshanpal
1668,kirshn
1669,kirshna
1670,kirti
1671,kirtiman
1672,kisan
1673,kishan
1674,kishn
1675,kishnaram
1676,kishor
1677,kishore
1678,kisori
1679,klash
1680,km
1681,kmles
1682,knheyalal
1683,kohinoor
1684,kokil
1685,komal
1686,koshalya
1687,kouchu
1688,koushik
1689,kripal
1690,krisana
1691,krish
1692,krishan
1693,krishana
1694,krishen
1695,krishn
1696,krishna
1697,krishnal
1698,kudeep
1699,kulbhushan
1700,kulbir
1701,kuldeel
1702,kuldeep
1703,kulli
1704,kulwant
1705,kulwinder
1706,kumail
1707,kumar
1708,kumari
1709,kumod
1710,kumresh
1711,kunal
1712,kunda
1713,kundan
1714,kunden
1715,kundin
1716,kunj
1717,kunod
1718,kunwar
1719,kuparth
1720,kurban
1721,kush
1722,kushal
1723,kusumakar
1724,kuwar
1725,kuwarjeet
1726,la
1727,laddha
1728,laka
1729,lakh
1730,lakhami
1731,lakhamichand
1732,lakhan
1733,lakhi
1734,lakhmi
1735,lakhraj
1736,lakhu
1737,lakhua
1738,lakhvinder
1739,lakhwinder
1740,lakki
1741,lakky
1742,laksh
1743,lakshay
1744,lakshaya
1745,lakshit
1746,lakshman
1747,lakshmi
1748,lakshy
1749,lakshya
1750,lal
1751,lala
1752,lalan
1753,lalaram
1754,laldhari
1755,lali
1756,lalit
1757,lalital
1758,laliya
1759,lallu
1760,laltha
1761,lalu
1762,lamani
1763,lasar
1764,lateef
1765,latesh
1766,latoor
1767,latur
1768,laukush
1769,lav
1770,lave
1771,lavish
1772,lavkush
1773,lavtar
1774,lawli
1775,lawrence
1776,laxman
1777,laxmanram
1778,laxmi
1779,laxmikant
1780,laxminarain
1781,layman
1782,leela
1783,leelu
1784,lehru
1785,lekhraj
1786,lekhram
1787,lekose
1788,leo
1789,libin
1790,lilaram
1791,lilu
1792,liveri
1793,liyakat
1794,lllllllllllllllllll
1795,lok
1796,lokender
1797,lokendra
1798,lokesh
1799,lokindra
1800,love
1801,lovely
1802,lovly
1803,lucki
1804,lucky
1805,lukkad
1806,lukman
1807,luv
1808,m
1809,maan
1810,maansingh
1811,maatwar
1812,madan
1813,madanlal
1814,madhan
1815,madharam
1816,madho
1817,madhu
1818,madhusudan
1819,magat
1820,mager
1821,maha
1822,mahabir
1823,mahadev
1824,mahak
1825,mahammd
1826,mahasingh
1827,mahaveer
1828,mahavir
1829,mahbir
1830,mahboob
1831,mahbub
1832,mahendar
1833,mahender
1834,mahendra
1835,mahesh
1836,mahfooj
1837,mahfooz
1838,mahfuj
1839,mahinder
1840,mahindra
1841,mahinudin
1842,mahipal
1843,mahkar
1844,mahnatha
1845,mahraj
1846,mahroj
1847,mahtab
1848,mahud
1849,mahveer
1850,maisan
1851,majid
1852,majunew
1853,makan
1854,makbul
1855,makhan
1856,makrud
1857,maksood
1858,maksud
1859,malchand
1860,mali
1861,malkeet
1862,malkiat
1863,maman
1864,mamata
1865,mamchand
1866,mamraj
1867,mamta
1868,mamu
1869,man
1870,manak
1871,manash
1872,manav
1873,mandan
1874,mandeep
1875,mandu
1876,maneesh
1877,manender
1878,manesh
1879,manful
1880,mangal
1881,mangat
1882,mangelal
1883,mangeram
1884,mangeshwar
1885,mangi
1886,mangilal
1887,mangla
1888,mangol
1889,mangta
1890,mangu
1891,mani
1892,manikchand
1893,maninder
1894,maniram
1895,manish
1896,manisha
1897,manit
1898,manjar
1899,manjeet
1900,manjesh
1901,manjit
1902,manjiv
1903,manju
1904,manku
1905,manmath
1906,manmeet
1907,manmohan
1908,manni
1909,mannu
1910,mannulal
1911,manohar
1912,manoish
1913,manoj
1914,manojkumar
1915,manosh
1916,manowar
1917,manphool
1918,manpreet
1919,mansharam
1920,manshi
1921,mansoor
1922,mansur
1923,mantosh
1924,mantu
1925,manu
1926,manuvar
1927,manvendra
1928,manver
1929,manvir
1930,maqsood
1931,maryam
1932,masheen
1933,masoom
1934,mast
1935,mastan
1936,master
1937,mata
1938,matadeen
1939,matbar
1940,mathura
1941,matok
1942,maujim
1943,maushid
1944,mayak
1945,mayank
1946,mayur
1947,mazhar
1948,md
1949,meena
1950,meenaz
1951,meenu
1952,meer
1953,meera
1954,meeta
1955,megh
1956,meghanath
1957,megharaj
1958,megharam
1959,meghashayam
1960,meghu
1961,megraaj
1962,mehak
1963,mehandi
1964,meharban
1965,meharuddin
1966,mehbob
1967,mehboob
1968,mehib
1969,mehinder
1970,mehphal
1971,mehraj
1972,mehruddin
1973,mehtab
1974,menpal
1975,mesak
1976,methun
1977,metily
1978,mh
1979,mhendar
1980,mho
1981,mhoomad
1982,mhosin
1983,michael
1984,midda
1985,miha
1986,mihir
1987,mikel
1988,milan
1989,milap
1990,milkhi
1991,minder
1992,mintu
1993,miraz
1994,mishri
1995,mishrilaal
1996,misri
1997,mithelash
1998,mithilesh
1999,mithlesh
2000,mithu
2001,mithun
2002,mitlesh
2003,mitnu
2004,mitthu
2005,mitthun
2006,mittopuri
2007,mnoj
2008,mnyak
2009,mo
2010,mobarkar
2011,mobin
2012,modh
2013,mogan
2014,mogli
2015,moh
2016,mohabbat
2017,mohad
2018,mohak
2019,moham
2020,mohamad
2021,mohammad
2022,mohan
2023,mohanlal
2024,mohanram
2025,mohar
2026,moharan
2027,mohardi
2028,mohatter
2029,mohd
2030,mohhmad
2031,mohini
2032,mohinuddin
2033,mohit
2034,mohmad
2035,mohmed
2036,mohmmad
2037,mohmmd
2038,mohsin
2039,moin
2040,moinuddin
2041,mokida
2042,molu
2043,momin
2044,mona
2045,moni
2046,monish
2047,monti
2048,montu
2049,monty
2050,monu
2051,monupal
2052,mookan
2053,mool
2054,moolchand
2055,moolchul
2056,mooldan
2057,moshad
2058,moshin
2059,mosim
2060,moti
2061,motilaal
2062,motilal
2063,motolal
2064,mousin
2065,mrityunjay
2066,mubarik
2067,mubashir
2068,mudasar
2069,mudbir
2070,mudsir
2071,mudssir
2072,muhmad
2073,mujaffar
2074,mujeeb
2075,mujibu
2076,mukaram
2077,mukat
2078,mukeemuddin
2079,mukesh
2080,mukhtar
2081,mukhtiyar
2082,mukhtyar
2083,mukish
2084,mukkesh
2085,mukram
2086,muksndi
2087,mukul
2088,mukund
2089,mul
2090,mula
2091,multan
2092,mum
2093,mumtaj
2094,munajir
2095,munder
2096,muneer
2097,munender
2098,munesh
2099,munish
2100,munkad
2101,munna
2102,munnakumar
2103,munnawar
2104,munne
2105,munnem
2106,munni
2107,munnu
2108,munshi
2109,munsi
2110,muntajar
2111,muntiyaj
2112,muntjar
2113,muqhtar
2114,murad
2115,murari
2116,murarilal
2117,murli
2118,mushir
2119,mushrraf
2120,musibat
2121,muskan
2122,muskuran
2123,muslim
2124,mustafa
2125,mustak
2126,mustaq
2127,mustikeem
2128,mustkeem
2129,mustkim
2130,muzamiil
2131,muzim
2132,muzmil
2133,na
2134,naajim
2135,nabal
2136,nabav
2137,nabi
2138,nabijan
2139,nadeem
2140,nadem
2141,nadhim
2142,nadim
2143,nadir
2144,naeem
2145,nafe
2146,nagaji
2147,nagender
2148,nagendra
2149,nahar
2150,nahid
2151,naim
2152,naimuddin
2153,nain
2154,naina
2155,naisi
2156,naitik
2157,najar
2158,najim
2159,najimuddin
2160,najis
2161,najre
2162,najrin
2163,najubai
2164,nakched
2165,nakul
2166,naman
2167,name
2168,nanagram
2169,nanak
2170,nand
2171,nandi
2172,nandita
2173,nandkishore
2174,nandram
2175,nandu
2176,nanhe
2177,nanhey
2178,nanhu
2179,nanka
2180,nankesh
2181,nanku
2182,nanni
2183,nannu
2184,nanu
2185,nar
2186,narain
2187,narander
2188,narayan
2189,narbahadur
2190,narbir
2191,narendar
2192,narender
2193,narendera
2194,narendra
2195,naresh
2196,nareshpal
2197,narhasi
2198,narinder
2199,naroo
2200,narpendra
2201,narsa
2202,narsingh
2203,naruram
2204,naryan
2205,nasar
2206,naseef
2207,naseem
2208,nashim
2209,nashimuddin
2210,nasiar
2211,nasim
2212,nasir
2213,nasruddin
2214,nasrudeen
2215,nasrul
2216,natha
2217,nathani
2218,nathu
2219,nathulal
2220,nathuram
2221,natthu
2222,naulakh
2223,naulesh
2224,nausad
2225,naushad
2226,naval
2227,navdeep
2228,naved
2229,naveen
2230,navendra
2231,navi
2232,navin
2233,navjoot
2234,navneet
2235,navnit
2236,nawab
2237,nawal
2238,nawaz
2239,nawed
2240,nayan
2241,nayeem
2242,nazeem
2243,nazim
2244,nazir
2245,nazirul
2246,nazmuslam
2247,neelajan
2248,neelkant
2249,neeraj
2250,neeshu
2251,neetu
2252,neeven
2253,nej
2254,nek
2255,neki
2256,nenhe
2257,nepal
2258,nesha
2259,netra
2260,netram
2261,netrapal
2262,newal
2263,nidhi
2264,nihal
2265,nihalchand
2266,nijam
2267,nijamuddin
2268,nijamudeen
2269,nikhil
2270,nikhleshwar
2271,nikita
2272,nila
2273,nilu
2274,nimahe
2275,nimesh
2276,nipun
2277,niraj
2278,niranjan
2279,nirbhay
2280,nirmal
2281,nirmaljeet
2282,nisar
2283,nischaya
2284,nisha
2285,nishal
2286,nishant
2287,nishith
2288,nishu
2289,nitesh
2290,nithyanandham
2291,nitin
2292,nitish
2293,nittin
2294,nitu
2295,niwas
2296,niyaaz
2297,nizam
2298,nizamuddin
2299,njare
2300,noor
2301,noora
2302,nooralam
2303,nooralha
2304,noore
2305,noori
2306,noorjama
2307,noornabi
2308,nooruddin
2309,nootan
2310,nosad
2311,noshad
2312,not
2313,nrendr
2314,nrotam
2315,numesh
2316,nur
2317,nwed
2318,ojas
2319,oli
2320,om
2321,ombeer
2322,ombir
2323,omender
2324,omendra
2325,omesh
2326,omeshkumar
2327,omi
2328,omjone
2329,omkar
2330,ompal
2331,omparkash
2332,omparkesh
2333,omparsad
2334,omperkash
2335,omprakash
2336,omprakesh
2337,omprkash
2338,omprkesh
2339,omveer
2340,one
2341,opendar
2342,osier
2343,ovaish
2344,p
2345,pabitra
2346,pabu
2347,pachuram
2348,padam
2349,pahalwan
2350,palaram
2351,pallu
2352,panaj
2353,pancham
2354,panchhi
2355,panchi
2356,panchuram
2357,pancu
2358,pandit
2359,pandu
2360,pankaj
2361,pankajsheel
2362,pankuj
2363,panna
2364,pannalal
2365,pannu
2366,papa
2367,papp
2368,pappe
2369,pappu
2370,papuu
2371,param
2372,paramjeet
2373,paramjit
2374,paramveer
2375,paras
2376,parash
2377,parashram
2378,parashu
2379,parathvi
2380,paratibha
2381,parbhat
2382,parbhu
2383,parbhudayal
2384,pardeep
2385,pardep
2386,pardeshi
2387,pardhuman
2388,pareen
2389,parem
2390,pargat
2391,parhalad
2392,pari
2393,parjinder
2394,parkash
2395,parlad
2396,parmanand
2397,parmeshwar
2398,parminder
2399,parmjeet
2400,parmo
2401,parmod
2402,parmodh
2403,parmood
2404,parnav
2405,parsanjeet
2406,parsant
2407,parshant
2408,parshotam
2409,parshu
2410,parsnath
2411,parsuram
2412,partab
2413,partap
2414,parteek
2415,parth
2416,partik
2417,partul
2418,partyush
2419,parveen
2420,parvej
2421,parven
2422,parvesh
2423,parvez
2424,parvinder
2425,pasanjeet
2426,patan
2427,patav
2428,patender
2429,patras
2430,patric
2431,paul
2432,pavan
2433,pavnesh
2434,pawan
2435,pawansingh
2436,pawna
2437,peentu
2438,peer
2439,pemaram
2440,penzin
2441,pera
2442,perdeep
2443,perkash
2444,permeshwar
2445,perveen
2446,pervez
2447,pervinder
2448,phakir
2449,phirdos
2450,phool
2451,phooleshwar
2452,phoolo
2453,pinki
2454,pinkoo
2455,pinku
2456,pinttu
2457,pintu
2458,pitambar
2459,pitar
2460,piuesh
2461,piyus
2462,piyush
2463,pokhar
2464,poma
2465,pooja
2466,poonam
2467,pooran
2468,pooranmal
2469,popinder
2470,poshetty
2471,pphola
2472,prabhakar
2473,prabhash
2474,prabhat
2475,prabhatilal
2476,prabhatyashi
2477,prabhjeet
2478,prabhjit
2479,prabhu
2480,prabhudayal
2481,pradeep
2482,pradep
2483,prafhool
2484,praful
2485,prahlad
2486,prakash
2487,prakesh
2488,prakul
2489,pram
2490,pramal
2491,pramatma
2492,prameshwar
2493,prami
2494,pramjeet
2495,pramjot
2496,pramod
2497,pramood
2498,prankur
2499,prannab
2500,pransis
2501,prasant
2502,prashanat
2503,prashansa
2504,prashant
2505,pratap
2506,prateek
2507,pratha
2508,pratul
2509,praveen
2510,pravendra
2511,pravesh
2512,pravin
2513,pravindra
2514,prayatan
2515,prdeep
2516,preet
2517,preetam
2518,preeti
2519,prem
2520,premchand
2521,premnarayan
2522,prempal
2523,premsingh
2524,preyojit
2525,prhalad
2526,priju
2527,prince
2528,prinsh
2529,pritam
2530,prithvi
2531,priti
2532,prittam
2533,priyansu
2534,prkesh
2535,prmod
2536,prsant
2537,prshant
2538,pujja
2539,pukharam
2540,pulkit
2541,punarjyoti
2542,puneet
2543,punia
2544,punit
2545,punkaj
2546,punnet
2547,puran
2548,puranmal
2549,purnmal
2550,pusgpender
2551,pushank
2552,pushkar
2553,pushpa
2554,pushpender
2555,pushpendr
2556,pushpendra
2557,puskar
2558,puspak
2559,puspendar
2560,puspender
2561,puswa
2562,pyar
2563,pyare
2564,pyarelal
2565,rabpreet
2566,rada
2567,radat
2568,radesyam
2569,radha
2570,radhamohan
2571,radhe
2572,radhesayam
2573,radheshyam
2574,radhey
2575,radheyshyam
2576,radhyshyam
2577,raeeyan
2578,rafal
2579,rafeddin
2580,rafi
2581,rafiq
2582,raghav
2583,raghbir
2584,raghu
2585,raghubeer
2586,raghubir
2587,raghunandan
2588,raghuveer
2589,raghuvir
2590,ragib
2591,ragwender
2592,raheesh
2593,rahil
2594,rahim
2595,rahimuddin
2596,rahis
2597,rahish
2598,rahishudeen
2599,rahisuddin
2600,rahmat
2601,rahu
2602,rahul
2603,rai
2604,raisingh
2605,raisuddin
2606,raj
2607,raja
2608,rajam
2609,rajan
2610,rajaram
2611,rajat
2612,rajbeer
2613,rajbir
2614,rajdev
2615,rajdut
2616,rajeet
2617,rajeev
2618,rajend
2619,rajendar
2620,rajender
2621,rajendra
2622,rajesh
2623,rajeshvr
2624,rajibul
2625,rajider
2626,rajinder
2627,rajish
2628,rajit
2629,rajiv
2630,rajjit
2631,rajkiran
2632,rajkumar
2633,rajkumarm
2634,rajmani
2635,rajna
2636,rajneesh
2637,rajnesh
2638,rajni
2639,rajnish
2640,rajo
2641,rajpal
2642,rajputra
2643,raju
2644,rajuddin
2645,rajveer
2646,rajvi
2647,rajvir
2648,rakesh
2649,rakhi
2650,rakho
2651,rakkibhul
2652,rakshit
2653,ram
2654,rama
2655,ramakant
2656,raman
2657,ramanand
2658,ramavtar
2659,rambabu
2660,rambarose
2661,rambhajan
2662,rambharos
2663,rambhool
2664,rambhul
2665,rambir
2666,rambrij
2667,ramchander
2668,ramchandr
2669,ramchandra
2670,ramdas
2671,ramdev
2672,ramdhan
2673,ramdhin
2674,ramdin
2675,ramdutt
2676,ramdyal
2677,rame
2678,rameh
2679,ramender
2680,ramesh
2681,rameshwar
2682,rameshwer
2683,rameswar
2684,ramfare
2685,ramgopal
2686,ramhetu
2687,ramjan
2688,ramjanam
2689,ramjani
2690,ramjeet
2691,ramji
2692,ramjiyawan
2693,ramkaran
2694,ramkesh
2695,ramkhilawan
2696,ramkiashan
2697,ramkish
2698,ramkishan
2699,ramkumar
2700,ramkumari
2701,ramlakhan
2702,ramlal
2703,rammurti
2704,ramnath
2705,ramnihor
2706,ramniwas
2707,ramniwasj
2708,ramotar
2709,rampaal
2710,rampal
2711,rampati
2712,ramphal
2713,rampher
2714,ramprasad
2715,ramsagar
2716,ramsawroop
2717,ramsem
2718,ramsewak
2719,ramsingh
2720,ramsurat
2721,ramswaroop
2722,ramswroop
2723,ramswrup
2724,ramtek
2725,ramu
2726,ramulu
2727,ramveer
2728,ramvihar
2729,ramvilash
2730,ramvir
2731,ramwatar
2732,ran
2733,rana
2734,ranbir
2735,randeep
2736,randheer
2737,randhir
2738,rani
2739,ranjan
2740,ranjay
2741,ranjeet
2742,ranjit
2743,ranju
2744,ranpal
2745,rantesh
2746,ranveer
2747,ranvir
2748,rasab
2749,raseel
2750,rashab
2751,rashid
2752,rasid
2753,raspal
2754,rasul
2755,ratan
2756,rathan
2757,rati
2758,ratikant
2759,ratiman
2760,ratn
2761,ratnesh
2762,ratneshwar
2763,ratneswar
2764,rattan
2765,ratul
2766,ratwari
2767,raud
2768,rauf
2769,raveena
2770,ravi
2771,ravidutt
2772,ravikant
2773,ravinath
2774,ravindar
2775,ravinder
2776,ravindera
2777,ravindr
2778,ravindra
2779,raviraj
2780,ravish
2781,ravishankar
2782,rayish
2783,razi
2784,razim
2785,redhema
2786,reena
2787,reenu
2788,rehaan
2789,rehan
2790,rehman
2791,rehmat
2792,rejaul
2793,rekha
2794,rekhai
2795,repu
2796,revndrshing
2797,reyaz
2798,rghuraj
2799,ridhakaran
2800,rihaan
2801,rihal
2802,rihan
2803,rijakpal
2804,rijul
2805,rijvan
2806,rijwan
2807,rima
2808,rinka
2809,rinkal
2810,rinki
2811,rinkoo
2812,rinku
2813,rishab
2814,rishabh
2815,rishaw
2816,rishi
2817,rishipal
2818,rishiraj
2819,rishu
2820,risiraj
2821,ritesh
2822,rithik
2823,ritik
2824,ritu
2825,ritunjay
2826,rituraj
2827,riyajuddin
2828,riyajudhin
2829,riyajudin
2830,riyajul
2831,riyasat
2832,riyaz
2833,riyazuddin
2834,rizwaan
2835,rizwan
2836,rma
2837,robert
2838,robin
2839,rocky
2840,rohaan
2841,rohan
2842,rohil
2843,rohit
2844,rohitash
2845,rohtash
2846,rohthash
2847,roji
2848,rolly
2849,ronak
2850,rony
2851,rookmani
2852,roop
2853,roopnarayan
2854,roopsingh
2855,roshan
2856,roshanlal
2857,rsjesh
2858,rubal
2859,ruben
2860,ruchendra
2861,ruchit
2862,rudhra
2863,rudmal
2864,rudra
2865,rukhsar
2866,ruksar
2867,rukshan
2868,rumeet
2869,rup
2870,rupak
2871,rupan
2872,rupen
2873,rupender
2874,rupendra
2875,rupesh
2876,rupinder
2877,ruplal
2878,rustam
2879,rvindra
2880,s
2881,saad
2882,saahil
2883,sabana
2884,sabbab
2885,sabbir
2886,sabbu
2887,sabeer
2888,sabi
2889,sabid
2890,sabir
2891,sablu
2892,sabrajeet
2893,sachi
2894,sachidanand
2895,sachin
2896,sadab
2897,sadabrij
2898,saddam
2899,saddham
2900,saddiq
2901,sadhna
2902,sadhu
2903,sadik
2904,sadip
2905,sadiq
2906,sadod
2907,sadre
2908,sadur
2909,safe
2910,safiq
2911,sagan
2912,sagar
2913,sagir
2914,sahab
2915,sahabbudin
2916,sahabudeen
2917,sahadeb
2918,sahajad
2919,sahajaha
2920,sahbaj
2921,sahbuddin
2922,sahdab
2923,sahdev
2924,saheb
2925,sahi
2926,sahib
2927,sahid
2928,sahil
2929,sahjad
2930,sahkir
2931,sahlesh
2932,sahna
2933,sahnabaj
2934,sahnaj
2935,sahnawaz
2936,sahnaz
2937,sahrik
2938,sahrukh
2939,sahun
2940,sahwaj
2941,sai
2942,said
2943,saidas
2944,saidul
2945,saieman
2946,saif
2947,sainky
2948,saizad
2949,sajan
2950,sajid
2951,sajjan
2952,sajju
2953,sajruddin
2954,sakal
2955,sakcham
2956,sakchan
2957,saket
2958,sakhichander
2959,sakib
2960,sakil
2961,sakir
2962,saksham
2963,salaman
2964,salauddin
2965,saleem
2966,salesh
2967,salim
2968,salin
2969,salinder
2970,salmaan
2971,salmam
2972,salman
2973,sam
2974,samad
2975,samadh
2976,samadhan
2977,samar
2978,samay
2979,samayddin
2980,sambhu
2981,same
2982,sameem
2983,sameer
2984,sameeruddin
2985,samer
2986,samim
2987,samina
2988,samir
2989,samit
2990,sammiuddin
2991,samon
2992,sampat
2993,samser
2994,samsuddin
2995,samsudin
2996,samsung
2997,sanand
2998,sanat
2999,sanaullah
3000,sanavvar
3001,sanchit
3002,sandeep
3003,sandhaya
3004,sandip
3005,sangeeta
3006,sangit
3007,sangram
3008,sanjai
3009,sanjay
3010,sanjeet
3011,sanjeev
3012,sanjeevan
3013,sanjey
3014,sanjit
3015,sanjiv
3016,sanju
3017,sanjya
3018,sankar
3019,sankarlal
3020,sanni
3021,sanny
3022,sanoj
3023,sanpat
3024,sansaar
3025,sant
3026,santi
3027,santlal
3028,santosh
3029,santram
3030,santrm
3031,santu
3032,sanu
3033,sanwar
3034,sapan
3035,sapna
3036,sarabjeet
3037,sarad
3038,sarafat
3039,sarafraj
3040,sarain
3041,saranjeet
3042,sarbash
3043,sarbjeet
3044,sardar
3045,sardeep
3046,sardhu
3047,sarfaraj
3048,sarfraj
3049,sarif
3050,sarik
3051,sarip
3052,sariq
3053,sarita
3054,sarjeet
3055,sarju
3056,sarkar
3057,saroj
3058,saroop
3059,saroz
3060,sartaj
3061,sarthak
3062,saruf
3063,sarvan
3064,sarvash
3065,sarves
3066,sarvesh
3067,sarvjeet
3068,sarwan
3069,sashi
3070,sat
3071,satan
3072,satayanarayan
3073,satbar
3074,satbir
3075,sateesh
3076,satender
3077,satendra
3078,satish
3079,satnam
3080,satnarayan
3081,satnosh
3082,satpal
3083,satrohan
3084,satrudan
3085,satrughan
3086,sattaram
3087,satu
3088,satveer
3089,satvir
3090,satya
3091,satyadev
3092,satyam
3093,satyanarayan
3094,satyapal
3095,satyaprakash
3096,satyawan
3097,satyender
3098,satynarayan
3099,satyvrat
3100,saud
3101,sauhal
3102,saurab
3103,saurabh
3104,saurav
3105,savan
3106,sawali
3107,sawan
3108,sawarmal
3109,sawrn
3110,sazid
3111,schin
3112,sedarath
3113,seeta
3114,sehbaj
3115,sehboob
3116,sehdev
3117,sehin
3118,sehjamal
3119,sehnawaj
3120,sehzad
3121,sehzada
3122,sekha
3123,selva
3124,senser
3125,sethi
3126,seti
3127,sh
3128,shabbir
3129,shabi
3130,shabir
3131,shaboob
3132,shabuddin
3133,shadab
3134,shadan
3135,shadhik
3136,shadik
3137,shafi
3138,shafibul
3139,shagufta
3140,shah
3141,shahabuddin
3142,shahbaz
3143,shahboob
3144,shahbuddin
3145,shahib
3146,shahid
3147,shahir
3148,shahjad
3149,shahnabaz
3150,shahnawaj
3151,shahnawaz
3152,shahnwaj
3153,shahruf
3154,shahrukh
3155,shahvaj
3156,shahwaj
3157,shahzad
3158,shaid
3159,shaikh
3160,shail
3161,shailash
3162,shailender
3163,shailesh
3164,shajid
3165,shakar
3166,shakhtnsana
3167,shakib
3168,shakil
3169,shakir
3170,shakti
3171,shalender
3172,shalid
3173,shalig
3174,sham
3175,shambhu
3176,shambu
3177,shami
3178,shamim
3179,shamshad
3180,shamsher
3181,shamshudin
3182,shamsuddin
3183,shan
3184,shanawaz
3185,shanbhu
3186,shani
3187,shankar
3188,shankarlal
3189,shanker
3190,shanshak
3191,shanti
3192,shanu
3193,shanvaj
3194,shanwaj
3195,shanwaz
3196,sharad
3197,sharanjeet
3198,sharat
3199,sharda
3200,shardanand
3201,shardha
3202,sharee
3203,sharib
3204,sharukh
3205,sharwan
3206,shashai
3207,shashank
3208,shashi
3209,shashid
3210,shashikant
3211,shashwat
3212,shaswat
3213,shatish
3214,shaturughyan
3215,shaubha
3216,shaukat
3217,shaulal
3218,shaurabh
3219,shayam
3220,shayampuri
3221,shayamveer
3222,shaymu
3223,shazad
3224,sheak
3225,sheeak
3226,sheetal
3227,sheh
3228,sheikh
3229,sheikhsai
3230,sheilesh
3231,sheish
3232,shekh
3233,shekhar
3234,shekher
3235,shelender
3236,shelendra
3237,shelesh
3238,sher
3239,sheru
3240,shetan
3241,shi
3242,shib
3243,shibu
3244,shidharth
3245,shikha
3246,shil
3247,shiraj
3248,shish
3249,shishpal
3250,shishram
3251,shishul
3252,shispal
3253,shisupal
3254,shital
3255,shiv
3256,shiva
3257,shivaji
3258,shivam
3259,shivani
3260,shivbhagvan
3261,shivcharan
3262,shivji
3263,shivlal
3264,shivnath
3265,shivraj
3266,shivram
3267,shivyalam
3268,shjad
3269,shkil
3270,shkur
3271,shlender
3272,shoab
3273,shoaib
3274,shoan
3275,shobha
3276,shobharam
3277,shobhit
3278,shohan
3279,shokar
3280,shokat
3281,shokesh
3282,shoukat
3283,shoyab
3284,shrawan
3285,shree
3286,shreee
3287,shreeniwas
3288,shri
3289,shrikant
3290,shrimati
3291,shrinath
3292,shripal
3293,shriram
3294,shrotam
3295,shsi
3296,shubankar
3297,shubham
3298,shubhm
3299,shukveer
3300,shulal
3301,shur
3302,shushil
3303,shyad
3304,shyam
3305,shyama
3306,shyamlal
3307,shyamveer
3308,shyan
3309,shyoram
3310,sidarth
3311,siddarth
3312,siddharth
3313,sidh
3314,sidhant
3315,sidharath
3316,sidhart
3317,sidharth
3318,sidheswar
3319,sidhrath
3320,sikandar
3321,sikander
3322,sikender
3323,silender
3324,simran
3325,simranjeet
3326,sinder
3327,sinil
3328,sinta
3329,sintu
3330,siraj
3331,sirajuddin
3332,sirazudeen
3333,sishpal
3334,sispal
3335,sita
3336,sitar
3337,sitaram
3338,sitare
3339,sitender
3340,sivam
3341,siwani
3342,siya
3343,siyaram
3344,sk
3345,smt
3346,soban
3347,sobi
3348,sobit
3349,sodan
3350,sofali
3351,sohaib
3352,sohail
3353,sohal
3354,sohan
3355,sohanlal
3356,sohanpal
3357,soheb
3358,sohel
3359,sohib
3360,sohil
3361,sohnal
3362,sokat
3363,sokin
3364,som
3365,sombir
3366,somdath
3367,somender
3368,somesh
3369,somnath
3370,sompal
3371,somprakash
3372,son
3373,sona
3374,sonali
3375,sonam
3376,sone
3377,soni
3378,sonia
3379,sonu
3380,sooraj
3381,sorab
3382,sorabh
3383,sorav
3384,sorbh
3385,sotaj
3386,sourab
3387,sourabh
3388,sourav
3389,souvik
3390,sowar
3391,soyab
3392,soyam
3393,sparsh
3394,srheeram
3395,sri
3396,srikant
3397,sriniwash
3398,stephen
3399,stifen
3400,subash
3401,subato
3402,subburaiyalu
3403,sube
3404,subesh
3405,subhakar
3406,subham
3407,subhan
3408,subhas
3409,subhash
3410,subhod
3411,subhodh
3412,subin
3413,subjeet
3414,subodh
3415,subrati
3416,succha
3417,suchit
3418,sudan
3419,sudarshan
3420,sudershan
3421,sudesh
3422,sudeshwer
3423,sudhanshu
3424,sudhansu
3425,sudhdev
3426,sudhir
3427,sufian
3428,sugai
3429,sugar
3430,sugodh
3431,suhail
3432,suhel
3433,suja
3434,sujal
3435,sujan
3436,sujata
3437,sujeet
3438,sujen
3439,sujit
3440,sukar
3441,sukesh
3442,sukh
3443,sukhavinder
3444,sukhbeer
3445,sukhbir
3446,sukhdev
3447,sukhlal
3448,sukhmit
3449,sukhpal
3450,sukhram
3451,sukhsohan
3452,sukhveer
3453,sukhvinder
3454,sukjveer
3455,sukka
3456,sukkhu
3457,sukul
3458,sukumar
3459,suleman
3460,sulender
3461,sultan
3462,suman
3463,sumant
3464,sumender
3465,sumer
3466,sumesh
3467,suminder
3468,sumit
3469,sumnesh
3470,sumoranjam
3471,sunaina
3472,sundar
3473,sundeep
3474,sunder
3475,suneel
3476,sunil
3477,sunilrawat
3478,sunny
3479,supriyal
3480,suraj
3481,suraja
3482,surajbhan
3483,surajmal
3484,surajpal
3485,surat
3486,surendar
3487,surender
3488,surendera
3489,surendr
3490,surendra
3491,suresh
3492,surgayan
3493,surgyan
3494,surinder
3495,surindera
3496,surja
3497,surjeet
3498,surjit
3499,surya
3500,suryanath
3501,susan
3502,susant
3503,susanto
3504,sushail
3505,sushant
3506,sushil
3507,sushila
3508,sushmendra
3509,sushpal
3510,susmata
3511,suwa
3512,suwadhin
3513,swadhin
3514,swami
3515,swapam
3516,swapanesh
3517,swarn
3518,swati
3519,swedesh
3520,syamsunder
3521,syed
3522,syham
3523,taar
3524,tafsir
3525,tahir
3526,taiyab
3527,taj
3528,tajinder
3529,tajuddin
3530,tajwar
3531,tak
3532,taleem
3533,talib
3534,talim
3535,talvender
3536,tamana
3537,tameezuddin
3538,tammanne
3539,tamnna
3540,tanish
3541,tanmay
3542,tanuj
3543,tanuja
3544,tanveer
3545,tanvir
3546,tapan
3547,tapas
3548,tapender
3549,tapish
3550,tara
3551,tarachand
3552,tarbez
3553,tarif
3554,tariq
3555,tarjan
3556,tarun
3557,tashnim
3558,tasleem
3559,taslim
3560,tassadul
3561,taufik
3562,tauseek
3563,taushif
3564,tausin
3565,tavinder
3566,tavraj
3567,tazaudeen
3568,teekam
3569,teenu
3570,teerath
3571,tej
3572,tejender
3573,tejpal
3574,tejvir
3575,tek
3576,tekchand
3577,tepu
3578,terence
3579,thakur
3580,tharu
3581,tikaram
3582,tikku
3583,tilak
3584,tilakraj
3585,tilakram
3586,tilk
3587,tinku
3588,tirath
3589,tirlok
3590,tisar
3591,titu
3592,tofik
3593,tohid
3594,tohir
3595,tohseeem
3596,tolaram
3597,toni
3598,tony
3599,tool
3600,toquir
3601,toshar
3602,tosif
3603,traun
3604,tribavan
3605,trijugi
3606,trilochan
3607,trilock
3608,trilok
3609,tripurari
3610,trlokchand
3611,tufail
3612,tufel
3613,tuka
3614,tulcharam
3615,tulshi
3616,tulsi
3617,tulsiram
3618,tunda
3619,tundiram
3620,tunni
3621,tushal
3622,tushar
3623,uda
3624,udai
3625,udaiveer
3626,udaiy
3627,udal
3628,uday
3629,udesh
3630,udham
3631,udit
3632,udmai
3633,ujir
3634,ujjair
3635,ujjawal
3636,ujjwal
3637,uma
3638,umakant
3639,umanath
3640,umang
3641,umar
3642,umardaraz
3643,umardeen
3644,umasankar
3645,umashankar
3646,umashanker
3647,umesh
3648,umlesh
3649,unkar
3650,unknown
3651,upender
3652,upendra
3653,urendra
3654,urmila
3655,usha
3656,usmaan
3657,usman
3658,utam
3659,utkarsh
3660,uttam
3661,vahab
3662,vaibahv
3663,vaibav
3664,vaibhav
3665,vaid
3666,vaishali
3667,vajid
3668,vakeel
3669,vakesh
3670,vakil
3671,vandna
3672,vanish
3673,vansh
3674,vanshu
3675,vansu
3676,varsha
3677,varun
3678,vasa
3679,vaseem
3680,vashisast
3681,vashu
3682,vashudev
3683,vasim
3684,vasuki
3685,vazid
3686,ved
3687,vedanand
3688,vedh
3689,vedprakash
3690,veepal
3691,veepinchand
3692,veer
3693,veerander
3694,veerbhan
3695,veerendra
3696,veeri
3697,veerpal
3698,veeru
3699,velaram
3700,venkatswaran
3701,verendra
3702,versha
3703,vi
3704,vibhash
3705,vibhuti
3706,viccky
3707,vichitra
3708,vickey
3709,vickky
3710,vicky
3711,victor
3712,vidhi
3713,vidit
3714,vidya
3715,vidyadatt
3716,vihsal
3717,vijay
3718,vijaypal
3719,vijendar
3720,vijender
3721,vijendra
3722,vijesh
3723,vijeta
3724,vikaram
3725,vikarm
3726,vikas
3727,vikash
3728,vikesh
3729,vikki
3730,vikky
3731,vikram
3732,vikramjeet
3733,vikrant
3734,vilram
3735,vimal
3736,vimlesh
3737,vimukt
3738,vinay
3739,vinayak
3740,vinaysingh
3741,vindeshver
3742,viney
3743,vinit
3744,vinod
3745,vinoda
3746,vinos
3747,vipan
3748,vipendra
3749,vipin
3750,vipiv
3751,viplo
3752,vipol
3753,vipta
3754,vipul
3755,vipulander
3756,vipun
3757,viraj
3758,viram
3759,virat
3760,virender
3761,virendra
3762,viresh
3763,viriya
3764,virnit
3765,virpal
3766,visan
3767,vishal
3768,visham
3769,vishamitra
3770,vishanu
3771,vishesh
3772,vishnu
3773,vishu
3774,vishva
3775,vishvanath
3776,vishvash
3777,vishvnath
3778,vishwanath
3779,vishwjeet
3780,visvajeet
3781,vitan
3782,vithal
3783,vivek
3784,vivekanand
3785,vrendra
3786,vude
3787,wajuddin
3788,wakar
3789,wali
3790,warish
3791,warmati
3792,warnakulasuriya
3793,waseem
3794,wasim
3795,wasimuddin
3796,wazid
3797,wazir
3798,wiliyam
3799,wiresh
3800,yaadram
3801,yadho
3802,yadram
3803,yadvir
3804,yaksh
3805,yaman
3806,yameen
3807,yamin
3808,yaqoob
3809,yaqub
3810,yasar
3811,yash
3812,yashbir
3813,yashin
3814,yashpal
3815,yashwant
3816,yasib
3817,yasin
3818,yasmin
3819,yaswani
3820,yatharth
3821,yatin
3822,yesh
3823,yeshpal
3824,yespal
3825,yogender
3826,yogendr
3827,yogendra
3828,yogesh
3829,yogeshwar
3830,yoginder
3831,yogita
3832,yognder
3833,yograj
3834,youraj
3835,yudhbir
3836,yunishs
3837,yusaf
3838,yusuf
3839,yuveraj
3840,yuvraj
3841,zafar
3842,zaheer
3843,zahid
3844,zahir
3845,zakir
3846,zameer
3847,zamile
3848,zanmi
3849,zeshan
3850,ziarul
3851,zile
3852,zishan
3853,ziyabul
3854,zuhaib
3855,zuveb
3856,isha
3857,divya
3858,mansi
3859,mazida
3860,kajal
3861,buity
3862,hina
3863,shakshi
3864,kanika
3865,neha
3866,khushboo
3867,aasmin
3868,riya
3869,priya
3870,sunita
3871,vandana
3872,roshni
3873,versa
3874,kavita
3875,sarojani
3876,nagina
3877,priyanka
3878,santna
3879,khushbu
3880,any
3881,deeya
3882,monika
3883,rimmi
3884,aanamika
3885,chahat
3886,nagma
3887,koshal
3888,sandhya
3889,sna
3890,layba
3891,iqra
3892,salima
3893,naziya
3894,kamni
3895,renu
3896,minakchi
3897,ruby
3898,kalyani
3899,palak
3900,babita
3901,dhanwanti
3902,fooljhnah
3903,shehnaz
3904,payal
3905,priynka
3906,janki
3907,sohni
3908,basnti
3909,doly
3910,aashiya
3911,vimla
3912,karina
3913,seema
3914,kranti
3915,aarti
3916,shajiya
3917,sitara
3918,aakanksha
3919,charu
3920,nilam
3921,chango
3922,kaushaliya
3923,grace
3924,subhadra
3925,lalita
3926,asma
3927,kalawati
3928,tina
3929,mercy
3930,huma
3931,gulbasha
3932,rahila
3933,shenaz
3934,chandni
3935,ruksana
3936,heena
3937,mala
3938,hamida
3939,kanchan
3940,priyaki
3941,ranu
3942,leelawati
3943,nan
3944,anju
3945,rosy
3946,rinukanwr
3947,shalu
3948,sneha
3949,sahin
3950,kusum
3951,himanshi
3952,anuradha
3953,sony
3954,preety
3955,rubina
3956,madhuri
3957,shabanm
3958,neelam
3959,rajia
3960,rubi
3961,priyansi
3962,nazmin
3963,tripti
3964,ramvati
3965,afsana
3966,farida
3967,ranita
3968,soniya
3969,hemlata
3970,sushma
3971,ranjana
3972,benjir
3973,salma
3974,rukshana
3975,astha
3976,fahija
3977,reeta
3978,noojo
3979,chaya
3980,sakila
3981,rehana
3982,mira
3983,roshini
3984,shilpa
3985,sudha
3986,afrin
3987,sabnam
3988,batloon
3989,samsad
3990,sama
3991,maya
3992,jassi
3993,yashoda
3994,susila
3995,ramaiya
3996,kamli
3997,munbura
3998,bulbul
3999,rupa
4000,kumkum
4001,sweety
4002,gulafsa
4003,captain
4004,akansha
4005,sefali
4006,khshbu
4007,sunaki
4008,sangeet
4009,neelima
4010,deepti
4011,rajkumari
4012,rizwana
4013,gulnanj
4014,archana
4015,dipti
4016,araddhna
4017,bharti
4018,ku
4019,badrunisha
4020,varsa
4021,shukla
4022,ekta
4023,minakshi
4024,nasima
4025,juneb
4026,parerna
4027,alka
4028,gungun
4029,vandhna
4030,saneha
4031,reema
4032,yashika
4033,tapsam
4034,khusboo
4035,ishika
4036,partibha
4037,narbada
4038,spana
4039,rita
4040,reshma
4041,samaiali
4042,samreen
4043,shana
4044,gunjan
4045,khusbhu
4046,nayana
4047,bhawana
4048,jamrujaha
4049,puja
4050,ruchi
4051,aruna
4052,chama
4053,gulista
4054,kesnata
4055,matul
4056,nainshi
4057,mubshshira
4058,neeru
4059,poornima
4060,shayra
4061,himani
4062,sazi
4063,rashida
4064,radhika
4065,ruzina
4066,kajol
4067,rukmani
4068,shabana
4069,neelu
4070,rangeeta
4071,rimpy
4072,chumki
4073,virjiniya
4074,gulfasha
4075,nirmla
4076,saanu
4077,apsana
4078,bharkah
4079,mudsay
4080,rubbi
4081,kusuma
4082,zareena
4083,karishma
4084,jasoda
4085,shathi
4086,nimla
4087,menadevi
4088,shrishti
4089,jyoty
4090,gudya
4091,laxami
4092,meghana
4093,kangana
4094,garima
4095,nandni
4096,nazrin
4097,saraswati
4098,bhatri
4099,mobsheera
4100,mudrika
4101,gytri
4102,suganti
4103,nekki
4104,kureja
4105,anupama
4106,gyatri
4107,ridhima
4108,naseeba
4109,biwa
4110,gayatri
4111,megha
4112,neni
4113,parwati
4114,prema
4115,sajida
4116,minakxi
4117,ranjeeta
4118,anam
4119,vibha
4120,resham
4121,pavitra
4122,bigan
4123,razia
4124,parul
4125,sabbo
4126,chhabi
4127,bindiya
4128,sarojini
4129,phulkana
4130,krishka
4131,ilema
4132,sahar
4133,sahiba
4134,bimla
4135,rahina
4136,manorma
4137,kum
4138,tamsa
4139,hoor
4140,harneet
4141,roshani
4142,saveta
4143,kafia
4144,rubby
4145,ankita
4146,kinya
4147,pallavi
4148,sakshi
4149,asgari
4150,mumtaz
4151,parniti
4152,pappy
4153,raziya
4154,diksha
4155,jamila
4156,sabhana
4157,durgash
4158,namarta
4159,phoolmani
4160,shiwani
4161,ramwati
4162,imrana
4163,kripya
4164,savita
4165,rashika
4166,bilke
4167,punam
4168,chotti
4169,sivani
4170,shamima
4171,sunali
4172,zahira
4173,purnima
4174,anjli
4175,himansi
4176,dharmshila
4177,hemani
4178,ranjita
4179,sareen
4180,mamuni
4181,padma
4182,jaya
4183,madam
4184,jeta
4185,naveena
4186,anu
4187,sumitra
4188,subhdra
4189,shallu
4190,ahsamin
4191,kanti
4192,labbhi
4193,shabnam
4194,muskhan
4195,santoshi
4196,nurbi
4197,ramli
4198,beauty
4199,praveena
4200,reetu
4201,munnadevi
4202,sabina
4203,mayuri
4204,maheshar
4205,sukenta
4206,sanjana
4207,rozi
4208,sajia
4209,shaving
4210,bitoo
4211,genda
4212,vidhya
4213,gajala
4214,ritika
4215,amiraka
4216,malvika
4217,gotiya
4218,shveta
4219,nirvat
4220,aaysha
4221,shahna
4222,dhapu
4223,mausam
4224,naraini
4225,chinki
4226,naryani
4227,rachna
4228,jagrti
4229,niti
4230,pinky
4231,sumirta
4232,anjila
4233,renuka
4234,rajeshwari
4235,savina
4236,shaifali
4237,tanya
4238,aayana
4239,shabina
4240,dipika
4241,doli
4242,dimple
4243,sobha
4244,farhana
4245,santok
4246,aaradhana
4247,harshita
4248,nabila
4249,shakuntala
4250,aradhana
4251,miss
4252,marya
4253,rojmen
4254,sugna
4255,radikha
4256,saniya
4257,savitri
4258,farheen
4259,shanichari
4260,iqrar
4261,gali
4262,tanvi
4263,hema
4264,haseena
4265,mamita
4266,meenakshi
4267,tapsya
4268,supriya
4269,ashanjali
4270,marjina
4271,richa
4272,salmakhatun
4273,beera
4274,nargis
4275,malti
4276,ramdulari
4277,sheela
4278,jayanti
4279,nashrin
4280,hyatun
4281,ms
4282,firida
4283,rajwati
4284,priyak
4285,tuba
4286,radhabai
4287,ramila
4288,najma
4289,shusila
4290,ameera
4291,vinita
4292,mahadevi
4293,veenita
4294,atta
4295,dhola
4296,sajiya
4297,mooli
4298,paryanka
4299,naveela
4300,sundga
4301,farzana
4302,gulnaj
4303,shahin
4304,amrita
4305,kamana
4306,yukilal
4307,aasha
4308,joyti
4309,sushmita
4310,paka
4311,prinka
4312,shipra
4313,aafrin
4314,gyaan
4315,anjara
4316,sarla
4317,masuma
4318,jinat
4319,ravina
4320,chameli
4321,rashi
4322,yogeshwari
4323,sweta
4324,sweeti
4325,nosi
4326,safila
4327,robi
4328,pratibha
4329,aashi
4330,ladli
4331,mangubai
4332,sabiya
4333,simmy
4334,bhumika
4335,asharani
4336,arsi
4337,kanku
4338,varisha
4339,bhawna
4340,vandita
4341,niru
4342,jagviri
4343,saveena
4344,ramkali
4345,tarannum
4346,smariti
4347,tahira
4348,rubo
4349,dulari
4350,rashmi
4351,sayara
4352,tyara
4353,sudama
4354,bala
4355,julekha
4356,urvarshi
4357,geetu
4358,nandani
4359,bahalen
4360,bhavana
4361,abida
4362,guni
4363,nazreen
4364,sameena
4365,nirmala
4366,shima
4367,saaniya
4368,dixya
4369,raminder
4370,sikha
4371,ragni
4372,nena
4373,gaytri
4374,deepanshi
4375,narbda
4376,asmit
4377,preti
4378,sima
4379,eshavarya
4380,anarkali
4381,manlisa
4382,afarin
4383,bhagya
4384,alema
4385,risabh
4386,paro
4387,sapana
4388,ambika
4389,yashmin
4390,sumalia
4391,reetima
4392,hadisha
4393,suhani
4394,barti
4395,onginye
4396,nazahat
4397,nency
4398,chanderkala
4399,kawal
4400,lad
4401,sarika
4402,sanna
4403,vineta
4404,kishmat
4405,barkha
4406,gulshtab
4407,suchitra
4408,saira
4409,nikky
4410,dhakhadevi
4411,ambiya
4412,premwati
4413,k
4414,amuda
4415,shakeena
4416,khairu
4417,sonaki
4418,shila
4419,pooga
4420,alahbasri
4421,ajmeri
4422,karamjeet
4423,rajshree
4424,sitra
4425,sano
4426,similata
4427,fareena
4428,farina
4429,beena
4430,sumentra
4431,nanda
4432,mukti
4433,poga
4434,gulsana
4435,bhatari
4436,shahnaz
4437,arati
4438,roshanara
4439,shiba
4440,pavi
4441,gulfsa
4442,kherul
4443,ashra
4444,arzoo
4445,huseni
4446,rinesh
4447,harmit
4448,rena
4449,aanchal
4450,madhuni
4451,nitasha
4452,antim
4453,rihana
4454,manka
4455,amasi
4456,lata
4457,chandani
4458,tanushri
4459,bakila
4460,juna
4461,namita
4462,urwashi
4463,lisha
4464,satwanti
4465,namra
4466,aasma
4467,twinkal
4468,vakila
4469,rajani
4470,harprit
4471,bhavna
4472,birmadevi
4473,sufia
4474,krishma
4475,muli
4476,firdosh
4477,soona
4478,premlata
4479,manormapal
4480,alapna
4481,sehnaj
4482,alseepa
4483,jafrin
4484,anjana
4485,mariyam
4486,darkash
4487,tarnnum
4488,mohseena
4489,dayawati
4490,sanjna
4491,tumpa
4492,laxita
4493,piryanka
4494,runiya
4495,jharna
4496,nirja
4497,suntia
4498,rimjhim
4499,shruti
4500,shadhana
4501,reemi
4502,hini
4503,sangeta
4504,nirosha
4505,asana
4506,kosar
4507,rajiya
4508,saviha
4509,surbhi
4510,maina
4511,sema
4512,aarifun
4513,sultana
4514,anushka
4515,gita
4516,fakiri
4517,alina
4518,frra
4519,snah
4520,nehal
4521,nusrat
4522,naseema
4523,zina
4524,shkuntala
4525,shakuntla
4526,anusoya
4527,ashman
4528,sabeena
4529,kawita
4530,rabina
4531,habiba
4532,phalguni
4533,marti
4534,veena
4535,spna
4536,mehwish
4537,jeba
4538,jasmen
4539,fareen
4540,bhanweri
4541,meenaxi
4542,veronika
4543,sumanthra
4544,saalu
4545,pushapa
4546,noorjaha
4547,farjana
4548,husainpreet
4549,rafat
4550,gulsan
4551,tannu
4552,vineeta
4553,pragti
4554,nimmy
4555,swata
4556,jannat
4557,shreemati
4558,mishbha
4559,hailena
4560,bandana
4561,mohsina
4562,jomiya
4563,mushkan
4564,sahana
4565,shahina
4566,rini
4567,javitri
4568,amisha
4569,panchuri
4570,ruhi
4571,aanya
4572,sangita
4573,gendi
4574,sus
4575,shabbenour
4576,gango
4577,sosri
4578,shama
4579,susma
4580,uzma
4581,nargish
4582,hansa
4583,chanchl
4584,neema
4585,sinaa
4586,jashgul
4587,shweta
4588,alisha
4589,anisha
4590,muskarn
4591,saru
4592,murjina
4593,bina
4594,honey
4595,suhana
4596,rubee
4597,balalia
4598,surekha
4599,manno
4600,shobina
4601,nikki
4602,joity
4603,foranta
4604,pammi
4605,menu
4606,sania
4607,tania
4608,ruckmani
4609,takshila
4610,sulekha
4611,shilpi
4612,sidhi
4613,shabreen
4614,lada
4615,girishchandra
4616,ilma
4617,jaswinder
4618,rema
4619,anshiya
4620,triveni
4621,razida
4622,puspa
4623,jincy
4624,farha
4625,naushi
4626,guddi
4627,iesha
4628,almina
4629,cosmic
4630,kishana
4631,nirjala
4632,saral
4633,lila
4634,rabin
4635,kamrulnisha
4636,sudhama
4637,armita
4638,rohini
4639,susri
4640,saloni
4641,gulshafa
4642,aliya
4643,sawana
4644,fazia
4645,afsha
4646,faaija
4647,amarin
4648,razni
4649,musra
4650,sutiya
4651,farhib
4652,kelama
4653,jasmina
4654,shgita
4655,shorav
4656,lakhya
4657,manbharbai
4658,diya
4659,palvi
4660,killo
4661,anoopama
4662,arshi
4663,bima
4664,mamtha
4665,pramila
4666,lakhsmi
4667,sonika
4668,nirma
4669,khushbhu
4670,nancy
4671,suhagini
4672,reekha
4673,aashma
4674,dali
4675,tabssum
4676,aansi
4677,dipanshi
4678,padama
4679,babby
4680,tamanna
4681,liladevi
4682,devika
4683,tisha
4684,mrs
4685,anamika
4686,sahida
4687,ashtha
4688,ikara
4689,chandrakala
4690,gila
4691,shamshina
4692,priyanshu
4693,shushma
4694,arthi
4695,rasida
4696,vidha
4697,basiran
4698,phul
4699,laltes
4700,sharadhha
4701,mosmi
4702,arshla
4703,kiriti
4704,gaura
4705,sahina
4706,jasmeet
4707,dhaneswar
4708,pulita
4709,fozia
4710,chhaya
4711,khushnasiba
4712,sulochna
4713,vinna
4714,saima
4715,neeta
4716,hazra
4717,jameela
4718,veero
4719,pryanika
4720,rucksana
4721,shalini
4722,binita
4723,kushum
4724,pushpan
4725,skunatla
4726,noorjahan
4727,najni
4728,tanu
4729,rukiya
4730,subhagya
4731,vijaya
4732,shahzadi
4733,mustki
4734,rukshar
4735,luxmi
4736,dumani
4737,anguri
4738,mandvi
4739,tripta
4740,siza
4741,nano
4742,pyari
4743,nandini
4744,sarsawati
4745,chando
4746,shushila
4747,tulsha
4748,hazu
4749,karshana
4750,fauina
4751,faijina
4752,pryinka
4753,tarnum
4754,roopa
4755,lakhbir
4756,seweta
4757,hemanti
4758,nazia
4759,gori
4760,philomina
4761,kailaki
4762,kastoori
4763,farah
4764,phulbi
4765,harshi
4766,aastha
4767,lavpreet
4768,jarim
4769,aamina
4770,mamini
4771,shilly
4772,meti
4773,rupanjali
4774,sarah
4775,sana
4776,gulfsal
4777,hamim
4778,sabba
4779,kriti
4780,nigar
4781,lahida
4782,rubeena
4783,sunayna
4784,kaushalya
4785,rina
4786,ratmo
4787,keshanti
4788,dholi
4789,danista
4790,kusumlata
4791,teena
4792,aesha
4793,vishakha
4794,fool
4795,purva
4796,nenshi
4797,jhuma
4798,sunarki
4799,shrabani
4800,umda
4801,bandani
4802,sehjal
4803,sehnaz
4804,nooreen
4805,saridevi
4806,jyotsana
4807,nasrin
4808,saziya
4809,jaitun
4810,mulina
4811,gulfasa
4812,shumita
4813,zainab
4814,vandhana
4815,rabiya
4816,chhoti
4817,koyali
4818,javuneesha
4819,kismti
4820,amritha
4821,bindi
4822,shbana
4823,santo
4824,paramshela
4825,shabra
4826,sayda
4827,beeuty
4828,tabassum
4829,daulat
4830,sarmila
4831,gilbahar
4832,narmda
4833,shanaz
4834,neeli
4835,anshika
4836,nanveet
4837,farjanul
4838,chandrika
4839,simpi
4840,sagrika
4841,meeramai
4842,rampayari
4843,mnisha
4844,sabhya
4845,khashbu
4846,kamar
4847,geet
4848,mosam
4849,amreen
4850,ujama
4851,mony
4852,pariksha
4853,mem
4854,sumita
4855,kunti
4856,vikshi
4857,sahaja
4858,snjana
4859,birtha
4860,premo
4861,soma
4862,manita
4863,sheensar
4864,sayada
4865,muskaan
4866,samvedna
4867,sadhana
4868,sharmila
4869,kalpana
4870,tehmina
4871,kanchaniya
4872,birmati
4873,kela
4874,bhaggo
4875,dolly
4876,sazya
4877,batasi
4878,jaimati
4879,amijan
4880,fatma
4881,hamsiran
4882,mammta
4883,vimala
4884,ujamma
4885,ajju
4886,gajwanti
4887,selars
4888,somwati
4889,sayna
4890,rawana
4891,sirish
4892,mainka
4893,sabreen
4894,mabiya
4895,bhagirathi
4896,rahnuma
4897,manisa
4898,kaifiya
4899,firdous
4900,santara
4901,jhuhi
4902,deeksha
4903,gunja
4904,taruna
4905,minaxi
4906,sahanaj
4907,zarina
4908,babali
4909,rinky
4910,yashsvi
4911,nasreema
4912,safali
4913,badami
4914,st
4915,khubhu
4916,sufiya
4917,ramdhani
4918,bohati
4919,phooli
4920,kalavati
4921,rajudi
4922,sanam
4923,mehnaj
4924,panchu
4925,rajina
4926,arjina
4927,revti
4928,seva
4929,foranti
4930,dipali
4931,tabwsum
4932,manbhar
4933,palvinder
4934,gulnaz
4935,jamnaa
4936,krishama
4937,godambari
4938,saista
4939,bebi
4940,nazma
4941,jareena
4942,neraj
4943,husina
4944,pallvi
4945,aysha
4946,mallika
4947,mallik
4948,shanta
4949,nagia
4950,varsh
4951,vijayanta
4952,tarawati
4953,sagufta
4954,somi
4955,aaliya
4956,naveeda
4957,husana
4958,natasha
4959,sumaila
4960,mili
4961,parmita
4962,ravinda
4963,sajana
4964,paru
4965,shaina
4966,aparna
4967,nana
4968,fareem
4969,chhavi
4970,rajwanti
4971,minaksi
4972,seeriya
4973,alita
4974,omwati
4975,veejita
4976,taslima
4977,ajnoor
4978,radhadalal
4979,chanab
4980,munjira
4981,suhaliya
4982,neesa
4983,ravita
4984,samoti
4985,samiron
4986,murshida
4987,mairi
4988,kasumbi
4989,ravena
4990,fuli
4991,jaydurga
4992,nikil
4993,rimzim
4994,aishwarya
4995,bhudevi
4996,simmi
4997,tane
4998,mashli
4999,dilkhush
5000,bhagwanti
5001,januka
5002,saimun
5003,nazibuneesha
5004,mehronisha
5005,swaranjeet
5006,khushabu
5007,silpi
5008,ranjna
5009,parsann
5010,aasa
5011,zeba
5012,nilesh
5013,avastha
5014,vasu
5015,laxmeena
5016,majrula
5017,savia
5018,mariam
5019,sarda
5020,nisat
5021,simren
5022,taramati
5023,gitika
5024,harmeet
5025,akhtari
5026,pharjana
5027,prya
5028,minu
5029,mahrul
5030,najmin
5031,kuntesh
5032,barakha
5033,salu
5034,gangajali
5035,dipa
5036,ganesi
5037,jakra
5038,saahin
5039,nitam
5040,guljan
5041,dariya
5042,dropti
5043,sumanlta
5044,leena
5045,ekamjeet
5046,chhotudevi
5047,saiesta
5048,sonyi
5049,kokila
5050,sagira
5051,dhana
5052,janid
5053,najrana
5054,shabbo
5055,groti
5056,noorin
5057,pree
5058,khurshida
5059,pratima
5060,ramba
5061,fatima
5062,dipeeka
5063,moka
5064,rashma
5065,kalashi
5066,partima
5067,rukhsana
5068,priyaka
5069,rachpreet
5070,harsha
5071,joohi
5072,shanty
5073,pryanka
5074,manpritkour
5075,lilima
5076,fiza
5077,parvati
5078,paramdeep
5079,nusrant
5080,girja
5081,yasodha
5082,anoura
5083,bakhtvaar
5084,rosina
5085,shankuntla
5086,sushhmita
5087,bahwana
5088,rajlaxmi
5089,mahima
5090,dvndavva
5091,tabbsum
5092,jaismeen
5093,shushree
5094,jaimata
5095,rambha
5096,madhwi
5097,meethu
5098,chuni
5099,rikkenchi
5100,aamrin
5101,shazida
5102,sushela
5103,swaliya
5104,rukhar
5105,gurmel
5106,manuja
5107,ruji
5108,rambai
5109,merry
5110,jasina
5111,bhanupriya
5112,senthia
5113,malika
5114,sangeena
5115,moshri
5116,lc
5117,suneta
5118,humera
5119,nazneen
5120,kajul
5121,safia
5122,gulafsha
5123,sharuna
5124,harbai
5125,sakuntla
5126,premla
5127,vyelet
5128,gulnaaz
5129,novisha
5130,vidhavati
5131,nursa
5132,afshana
5133,punita
5134,husnara
5135,mana
5136,amanjeet
5137,rumal
5138,tayab
5139,ramjanki
5140,karma
5141,supyar
5142,samya
5143,suda
5144,nipam
5145,shulekha
5146,ranki
5147,asho
5148,nensi
5149,rehmati
5150,zenab
5151,tulsa
5152,premawati
5153,nasreen
5154,roopam
5155,yashodha
5156,twinkle
5157,shaheen
5158,kehkasha
5159,goldan
5160,chandini
5161,premjit
5162,saksi
5163,kushumavati
5164,juli
5165,nshima
5166,meesh
5167,kosalya
5168,lakhe
5169,sundri
5170,soam
5171,shailja
5172,indrvati
5173,jhoti
5174,swagtika
5175,gulran
5176,udita
5177,brinda
5178,anuu
5179,guddibai
5180,rishma
5181,shaili
5182,aruni
5183,najiya
5184,piroj
5185,anjna
5186,jhumki
5187,fornta
5188,indara
5189,shabnur
5190,nikhat
5191,raisha
5192,vicakha
5193,pushpawati
5194,kosylaya
5195,shamina
5196,kamini
5197,aneeta
5198,aanik
5199,danwati
5200,sayari
5201,sushree
5202,japneet
5203,reshama
5204,surti
5205,manjula
5206,sehran
5207,shashibala
5208,sazia
5209,upasna
5210,jayotli
5211,sajni
5212,nupur
5213,prachi
5214,veenu
5215,sen
5216,samiksha
5217,gajana
5218,ajra
5219,simabharti
5220,keli
5221,ajnabi
5222,annavi
5223,moral
5224,ragini
5225,khushnuma
5226,jya
5227,bharkha
5228,mam
5229,gona
5230,san
5231,sumedha
5232,ismaliye
5233,sadiya
5234,mehnaz
5235,sila
5236,mandira
5237,manda
5238,prinkya
5239,gudia
5240,salupa
5241,sakiran
5242,shekiba
5243,mitali
5244,ruchika
5245,seetal
5246,chhaterwati
5247,tahseen
5248,trannum
5249,beti
5250,jayada
5251,tabbasum
5252,jioty
5253,sandna
5254,ruka
5255,abhilasha
5256,aktri
5257,savrin
5258,marzina
5259,samima
5260,machhala
5261,alima
5262,manwi
5263,poneem
5264,yamini
5265,ishrat
5266,minkashi
5267,shanjhan
5268,shanaj
5269,parbha
5270,basanti
5271,kmo
5272,chandrawati
5273,manjoo
5274,kitti
5275,shabanam
5276,nayamati
5277,joyaa
5278,parmila
5279,poojadevi
5280,gulesta
5281,mahi
5282,rajbala
5283,disi
5284,parmeshwari
5285,safiya
5286,chhanya
5287,manoti
5288,menka
5289,bishnu
5290,majidunisha
5291,wilkish
5292,chanderkanta
5293,aleesha
5294,parveena
5295,safina
5296,jaimala
5297,sanaali
5298,manbai
5299,mukiman
5300,kushma
5301,saroja
5302,musrat
5303,kumarage
5304,nilofar
5305,monny
5306,shifali
5307,kelashi
5308,jayda
5309,mmta
5310,jenab
5311,chetana
5312,khusbhoo
5313,darshna
5314,sayma
5315,shahnaj
5316,namen
5317,sunpreet
5318,baita
5319,sawatri
5320,manfool
5321,mousam
5322,taran
5323,sayra
5324,rukhsona
5325,shiya
5326,prity
5327,shravani
5328,pargati
5329,sunarkali
5330,chandabai
5331,yasoda
5332,samra
5333,dhanni
5334,amreeta
5335,santro
5336,kooki
5337,indira
5338,saweta
5339,radhab
5340,iram
5341,milka
5342,shika
5343,damini
5344,satwander
5345,kalpeshwari
5346,karuna
5347,felicia
5348,kamta
5349,shittal
5350,turveny
5351,vishavkarma
5352,devkali
5353,bhateri
5354,jayoti
5355,prati
5356,oma
5357,yashdhra
5358,rijwana
5359,kritika
5360,urvashi
5361,mega
5362,veera
5363,kulsum
5364,mhega
5365,aayesha
5366,afrina
5367,jina
5368,khumlo
5369,premature
5370,sanjoh
5371,kashum
5372,ratani
5373,bantu
5374,suma
5375,mahjabi
5376,sanoshi
5377,ishawar
5378,badru
5379,mansavi
5380,kanak
5381,rubjaan
5382,lilabai
5383,chandkor
5384,asman
5385,kusham
5386,samaprveen
5387,tashkkur
5388,nahani
5389,tranoom
5390,shkundla
5391,hafsa
5392,kushmita
5393,samrin
5394,shetal
5395,kamna
5396,ntasha
5397,ashima
5398,gulsha
5399,parmeswari
5400,shimpi
5401,shabila
5402,jashinal
5403,mursida
5404,mamuna
5405,samsida
5406,neharika
5407,begam
5408,devyani
5409,vanshika
5410,rawi
5411,hiri
5412,premi
5413,irfa
5414,gendu
5415,neemi
5416,rahat
5417,hena
5418,sosan
5419,mahvish
5420,shahrish
5421,rajkarnta
5422,saifali
5423,nirjla
5424,riju
5425,badarjahan
5426,bhabhiya
5427,isika
5428,dibya
5429,aasu
5430,harvindra
5431,srita
5432,taniya
5433,jenifer
5434,salama
5435,ranjnika
5436,nitika
5437,marium
5438,nanshi
5439,gulshana
5440,vijaynti
5441,sunena
5442,chanderwati
5443,laltia
5444,sahrul
5445,pinkey
5446,utpana
5447,brkha
5448,rajenderi
5449,veshali
5450,seekha
5451,lajjavati
5452,jamee
5453,long
5454,phoolwati
5455,gulfara
5456,chnda
5457,sneh
5458,abha
5459,bilkis
5460,rajl
5461,anaro
5462,sifa
5463,sanita
5464,kosaleya
5465,azmira
5466,navita
5467,tasnim
5468,bhuli
5469,fasrun
5470,nuraish
5471,nirutma
5472,mjudi
5473,papu
5474,sakuntala
5475,yinita
5476,shilu
5477,amirul
5478,kashis
5479,vashanavi
5480,amida
5481,samman
5482,asmita
5483,srimati
5484,fakiha
5485,saheen
5486,sahista
5487,klu
5488,aafreen
5489,suchi
5490,sarswati
5491,bsram
5492,durgabai
5493,fuljhadi
5494,muni
5495,mansha
5496,shahida
5497,rebecca
5498,lushi
5499,joshna
5500,aarifa
5501,raghuvinder
5502,amarmula
5503,suchita
5504,payana
5505,sukhvir
5506,noorjhan
5507,tavvasum
5508,dolley
5509,phoola
5510,busra
5511,guddiya
5512,sayja
5513,mehru
5514,sakina
5515,ugma
5516,girija
5517,lilavati
5518,salomi
5519,vironika
5520,kasish
5521,diti
5522,asmin
5523,sundari
5524,seeba
5525,kanya
5526,nutan
5527,isnesh
5528,zeenat
5529,tiwankle
5530,sujanti
5531,mariya
5532,nargesh
5533,midhana
5534,tanjima
5535,jamuna
5536,sararwati
5537,varda
5538,manvi
5539,lavi
5540,sarwitavm
5541,mithi
5542,jasleen
5543,vaishanvi
5544,valentina
5545,dhamini
5546,musarrat
5547,raniya
5548,mamoita
5549,jaivanti
5550,kulvinder
5551,khanchan
5552,gulafshan
5553,anayatha
5554,ratni
5555,devli
5556,shaloo
5557,prabhjot
5558,nini
5559,rachnu
5560,rashimi
5561,puspha
5562,madina
5563,kailashi
5564,devya
5565,geetanjali
5566,shiena
5567,nicharon
5568,devideen
5569,sudma
5570,antima
5571,jahirul
5572,devendri
5573,shneha
5574,nida
5575,jhingi
5576,madhubala
5577,sozi
5578,sital
5579,phol
5580,roobi
5581,fija
5582,bholi
5583,resmi
5584,twenkle
5585,swetha
5586,sabanam
5587,shaira
5588,rachana
5589,jhunnu
5590,pritika
5591,jibanti
5592,tajrani
5593,noni
5594,nasira
5595,aalina
5596,jatinder
5597,lalmuni
5598,koshlya
5599,depali
5600,nisa
5601,meetu
5602,noreen
5603,yasmeen
5604,waheeda
5605,sarmeela
5606,umma
5607,vadhi
5608,nazrana
5609,budhwanti
5610,rimasha
5611,pakhali
5612,amita
5613,lajja
5614,alma
5615,chhagana
5616,rosanjahan
5617,ariba
5618,saeshta
5619,dolo
5620,ayushi
5621,hasbul
5622,bhteri
5623,jully
5624,bironica
5625,vipasha
5626,alish
5627,baliya
5628,alkesh
5629,pritee
5630,sanjida
5631,hazara
5632,dilshadi
5633,frjana
5634,rupali
5635,koyal
5636,begumpur
5637,rambiri
5638,mehvish
5639,bushara
5640,ragina
5641,vesali
5642,samiksa
5643,rozina
5644,ashnu
5645,fazin
5646,jugani
5647,manti
5648,pragati
5649,riti
5650,vedehi
5651,mangala
5652,anandwati
5653,twinkil
5654,suriti
5655,parsi
5656,bashanti
5657,firoza
5658,pamjeet
5659,kamlajeet
5660,laskshita
5661,shahnam
5662,soonam
5663,shun
5664,dila
5665,anuska
5666,sukhdevi
5667,morki
5668,anjal
5669,sahishta
5670,tasbiha
5671,jhora
5672,bindvasini
5673,durgawati
5674,sukhpreeet
5675,rojmeri
5676,bato
5677,sharmili
5678,satyavati
5679,sawati
5680,richaraj
5681,raunaf
5682,shakina
5683,tajmaha
5684,sabrin
5685,hemleta
5686,minakumari
5687,sally
5688,sandeepa
5689,kamjeet
5690,rajrani
5691,foolmaya
5692,shokraji
5693,jayuti
5694,deepmala
5695,jhunna
5696,gargi
5697,nassin
5698,albina
5699,archita
5700,momita
5701,rimpi
5702,rusan
5703,ishita
5704,bivla
5705,pratiksha
5706,prabhila
5707,deepshikha
5708,sayeri
5709,batul
5710,kachri
5711,ashma
5712,gawri
5713,deepanti
5714,guddo
5715,smriti
5716,ishrana
5717,ruanbza
5718,faraheen
5719,gomati
5720,najo
5721,sheenu
5722,kamlash
5723,kushagra
5724,subhiya
5725,saiyada
5726,shadhna
5727,julee
5728,shampa
5729,hetal
5730,saana
5731,salini
5732,smarti
5733,darshana
5734,archan
5735,ajima
5736,janvi
5737,balbiri
5738,zoya
5739,surjiya
5740,chotibai
5741,tasmina
5742,kalwati
5743,taranjeet
5744,manglesh
5745,amrta
5746,shahgujta
5747,shankri
5748,swetna
5749,murtibai
5750,jarina
5751,tanisha
5752,swatri
5753,umedi
5754,koilu
5755,uganta
5756,junaid
5757,jainub
5758,tasveeran
5759,avi
5760,kasturi
5761,bipnesh
5762,incee
5763,kanchn
5764,rupal
5765,jainaf
5766,shine
5767,dilshana
5768,rajanti
5769,sashikala
5770,jaanki
5771,aardhna
5772,kesar
5773,reshami
5774,karishama
5775,rozy
5776,rencho
5777,shahiba
5778,minka
5779,jubaira
5780,mena
5781,nikahat
5782,sukanya
5783,mandothi
5784,prezi
5785,krashana
5786,mehrunisha
5787,rajkali
5788,sajini
5789,pammy
5790,norti
5791,asrani
5792,panmati
5793,madhvi
5794,rizvana
5795,pampa
5796,shivalika
5797,neelachal
5798,silpa
5799,lalutha
5800,sahajha
5801,panchma
5802,shadiya
5803,tinki
5804,sabita
5805,shadna
5806,sugandha
5807,lavli
5808,manjinder
5809,jubeda
5810,aachal
5811,shavani
5812,kehkasa
5813,bhiki
5814,chanpa
5815,sawariya
5816,majida
5817,kadu
5818,reeti
5819,ishmita
5820,neeti
5821,daveena
5822,momina
5823,somil
5824,nathi
5825,trepti
5826,gulabsha
5827,aphsana
5828,manbhari
5829,sarojni
5830,r
5831,amrin
5832,nanki
5833,dhanpati
5834,shanah
5835,krashna
5836,tarunnam
5837,umesha
5838,dropati
5839,chappla
5840,tabasum
5841,sugandb
5842,maanmati
5843,katyayani
5844,snehlata
5845,dhanwati
5846,shimla
5847,gulwasha
5848,seelam
5849,sapita
5850,bushra
5851,umrawti
5852,meva
5853,tapsyum
5854,kazal
5855,sahira
5856,anadi
5857,noorpa
5858,shahera
5859,sandiya
5860,mehar
5861,tabbwum
5862,mohni
5863,sarshwati
5864,amna
5865,shabbi
5866,maahi
5867,rukhsna
5868,para
5869,bhundki
5870,rooshi
5871,shqakuntla
5872,sudhata
5873,chinta
5874,sahenaj
5875,anekha
5876,sumemtra
5877,shavitri
5878,khushnudi
5879,punni
5880,sajma
5881,amana
5882,sarwesh
5883,arpna
5884,monini
5885,mohani
5886,farhaja
5887,sunitha
5888,anupuma
5889,saveroon
5890,nosar
5891,rinju
5892,shoiba
5893,pritibha
5894,najreen
5895,harbas
5896,afroz
5897,jaishmin
5898,shimran
5899,dhodi
5900,neela
5901,vijayta
5902,nafisa
5903,binu
5904,jeeren
5905,chhano
5906,chhamo
5907,nemsi
5908,akthari
5909,naviya
5910,sharmistha
5911,gulsida
5912,khooshboo
5913,sntosh
5914,wareesha
5915,grpreet
5916,piyari
5917,chanderkali
5918,ganita
5919,meenat
5920,pirmika
5921,shimala
5922,karmi
5923,bhoori
5924,beni
5925,evan
5926,vidisha
5927,ashrabi
5928,mahlikka
5929,jeevanlata
5930,ruhhena
5931,gulpacha
5932,nelam
5933,somdevi
5934,irtu
5935,sarbari
5936,rohila
5937,sanha
5938,ramsati
5939,gulabsa
5940,sagit
5941,reshmi
5942,aarati
5943,kaamini
5944,kajar
5945,shirishty
5946,narmada
5947,mansa
5948,jesmin
5949,sanjan
5950,deou
5951,birma
5952,harana
5953,sisty
5954,niksiya
5955,guldasta
5956,beby
5957,hemavanti
5958,bharati
5959,kallo
5960,rupam
5961,saviti
5962,sayana
5963,firoja
5964,suneeta
5965,ladakunvar
5966,phoolla
5967,shakun
5968,marshilah
5969,konti
5970,bijali
5971,ankeet
5972,parvti
5973,asmina
5974,chnada
5975,sattu
5976,shivangi
5977,karshma
5978,kushumlata
5979,pitika
5980,seeva
5981,teja
5982,budho
5983,anjuman
5984,kumud
5985,hajrati
5986,sehrunisa
5987,girijarani
5988,nasibu
5989,adiba
5990,gosia
5991,kushi
5992,bidami
5993,shiteel
5994,aashia
5995,bavita
5996,navjat
5997,ashmi
5998,sujli
5999,neaha
6000,aarju
6001,parinka
6002,arvinder
6003,rajeena
6004,ruvi
6005,panku
6006,koslya
6007,buchhi
6008,rinke
6009,sabnur
6010,jaiguna
6011,shayma
6012,arbana
6013,ruksaar
6014,sukshana
6015,virwanti
6016,sarabjit
6017,joga
6018,banu
6019,minitwa
6020,tipu
6021,pista
6022,hudi
6023,kushamvir
6024,farhin
6025,sejan
6026,rushali
6027,begum
6028,safika
6029,karisma
6030,kartika
6031,bhanwari
6032,rainu
6033,masum
6034,shyamvati
6035,rosan
6036,sushama
6037,mandi
6038,promila
6039,nishtha
6040,nikkhar
6041,subhapal
6042,munny
6043,sajmeen
6044,hurji
6045,sirjna
6046,shahista
6047,rasmi
6048,dhaniya
6049,musmi
6050,himanshee
6051,nameeta
6052,janaki
6053,indta
6054,anja
6055,menakshi
6056,maneesha
6057,sarangthem
6058,lambhu
6059,saranthem
6060,foola
6061,inda
6062,shahnaza
6063,gaitri
6064,subani
6065,prete
6066,dhrama
6067,majoo
6068,kamreen
6069,rakeeba
6070,rvina
6071,manali
6072,bhawari
6073,smts
6074,a
6075,ratna
6076,fara
6077,nurjaha
6078,udi
6079,aisha
6080,maneeta
6081,asiya
6082,bhanmati
6083,jaslin
6084,kalma
6085,phoolwanti
6086,taitra
6087,anara
6088,ramrati
6089,rakha
6090,pangita
6091,kanki
6092,aarushi
6093,hagami
6094,shivkumari
6095,najda
6096,ramkanya
6097,akbari
6098,bhagay
6099,faraha
6100,asmat
6101,dishu
6102,mahzbin
6103,keta
6104,anjaly
6105,shamrin
6106,mero
6107,jaiwanti
6108,sazmin
6109,shmejha
6110,nashima
6111,manira
6112,moona
6113,sukrita
6114,belo
6115,veermati
6116,shalesh
6117,harjit
6118,mithalesh
6119,sithal
6120,dalima
6121,muntrin
6122,beeti
6123,sandha
6124,rubey
6125,harleen
6126,nazani
6127,sabna
6128,laja
6129,shakutal
6130,babbi
6131,parvashi
6132,maalti
6133,bahnu
6134,surgayani
6135,misbah
6136,rakhee
6137,halima
6138,papiya
6139,mina
6140,mantasha
6141,amri
6142,shukramani
6143,anaji
6144,devanti
6145,deepka
6146,nazmaa
6147,raksha
6148,shakuna
6149,sukheeya
6150,kirann
6151,pariti
6152,sucheta
6153,saka
6154,mamanbai
6155,supna
6156,gambhir
6157,suraiya
6158,aatikun
6159,chndrakla
6160,zhini
6161,chandracala
6162,konika
6163,shela
6164,noomi
6165,tiwnkal
6166,viren
6167,mini
6168,binda
6169,fra
6170,banita
6171,kushbu
6172,samundri
6173,pallawi
6174,neesha
6175,shefali
6176,amena
6177,reka
6178,peenu
6179,subhangi
6180,shayana
6181,vashila
6182,sawtri
6183,ajara
6184,preyank
6185,akshita
6186,gaytree
6187,kbeta
6188,jahani
6189,suhsmita
6190,sanno
6191,hazira
6192,afsari
6193,salmi
6194,shayna
6195,manchan
6196,shelly
6197,roma
6198,sandya
6199,rajbiri
6200,ajkati
6201,feflibai
6202,raishma
6203,avantika
6204,jhanjhariya
6205,aswani
6206,murti
6207,shanno
6208,sohi
6209,najarana
6210,khima
6211,tabsum
6212,kiniya
6213,jhansi
6214,mamt
6215,kamakshya
6216,pareeti
6217,pushpanjali
6218,shakeela
6219,rajkaranta
6220,asanti
6221,rahimun
6222,kulina
6223,sharinimle
6224,nibo
6225,ajmal
6226,nahida
6227,kuso
6228,sheelu
6229,subhi
6230,satyvati
6231,keshu
6232,sajda
6233,bidhya
6234,sabila
6235,annielal
6236,mis
6237,nibha
6238,manjusha
6239,saida
6240,mahmun
6241,nazira
6242,upasana
6243,amrooti
6244,najira
6245,maryana
6246,rabhida
6247,anzum
6248,darfasha
6249,putulu
6250,manimegla
6251,daljit
6252,ramdevi
6253,prinkaya
6254,hasmita
6255,atiq
6256,sehnaaz
6257,bagga
6258,hemuna
6259,serul
6260,akhatari
6261,khasbhoo
6262,peena
6263,diwansi
6264,bhanumati
6265,jewa
6266,farhanaz
6267,lilaki
6268,gattu
6269,sarjaha
6270,puneeta
6271,iema
6272,eshwari
6273,avneet
6274,chitro
6275,navleen
6276,silvia
6277,sauni
6278,anuja
6279,tohmeena
6280,amie
6281,rakki
6282,ranipal
6283,nishar
6284,gulnaza
6285,sahawaj
6286,panchoo
6287,shaila
6288,sera
6289,sharjprit
6290,nirwat
6291,fauji
6292,kumara
6293,golden
6294,sakeena
6295,mairy
6296,parvin
6297,tulki
6298,momena
6299,javade
6300,prableen
6301,bagdai
6302,sonal
6303,bismilla
6304,bhakuni
6305,farhanaaz
6306,pramil
6307,munmun
6308,jotyi
6309,vasiya
6310,aishe
6311,prameela
6312,srishty
6313,siddhi
6314,englas
6315,ifteshyam
6316,amrat
6317,yamuna
6318,ompati
6319,janam
6320,unnati
6321,satosh
6322,hasibullah
6323,meenakashi
6324,ruksin
6325,bb
6326,sabeeha
6327,ruppa
6328,sira
6329,mallo
6330,kiranti
6331,naima
6332,satwinder
6333,halki
6334,kachan
6335,preena
6336,ramjas
6337,supiriya
6338,sngeeta
6339,kumare
6340,rabita
6341,karima
6342,ayasha
6343,pool
6344,anno
6345,pear
6346,shma
6347,saku
6348,husno
6349,switi
6350,shahjadi
6351,arifa
6352,rukya
6353,mehfooj
6354,jebi
6355,choti
6356,sanjeeta
6357,limca
6358,nayaka
6359,kushmi
6360,sanjogta
6361,geetika
6362,sahnara
6363,prasanta
6364,ajmit
6365,nazima
6366,mankuri
6367,rennu
6368,samiya
6369,soba
6370,savreen
6371,areen
6372,hemlat
6373,sunhara
6374,pholwati
6375,rekhwan
6376,maigo
6377,satvida
6378,nachita
6379,umme
6380,nathiya
6381,awshin
6382,channu
6383,harry
6384,sushri
6385,sabrina
6386,mema
6387,sahgufta
6388,fahira
6389,rubbina
6390,farmeena
6391,dur
6392,tabbusum
6393,jenny
6394,maaya
6395,tinvkal
6396,taki
6397,bhawar
6398,sosari
6399,pataso
6400,ekata
6401,hajari
6402,susmita
6403,santra
6404,farana
6405,joyate
6406,lashma
6407,marjana
6408,sabra
6409,shymo
6410,maadhuri
6411,sukmani
6412,fulo
6413,pawni
6414,munnia
6415,lta
6416,najara
6417,dilish
6418,kesavi
6419,ashmin
6420,sipra
6421,alis
6422,shilap
6423,husiya
6424,nafeesa
6425,sibanaz
6426,monam
6427,meela
6428,hongsi
6429,khush
6430,bali
6431,roopali
6432,revakshi
6433,nikhad
6434,sahima
6435,minaxni
6436,foolwati
6437,alhamdi
6438,sagiran
6439,gajla
6440,shvani
6441,rubiya
6442,lavali
6443,jugan
6444,subhagi
6445,munia
6446,vidyawati
6447,abhaki
6448,injum
6449,kaarti
6450,vaijanti
6451,narayani
6452,nayna
